"Name","Number.of.times.at.bat.in.1986","Hits_percentage_in_1986","Home_run_percentage_in_1986","Run_percentage_in_1986","Runs_batted_in_percentage_in_1986","Walks_percentage_in_1986","number.of.years.in.the.major.leagues","number.of.times.at.bat.during.his.career","Hits_percentage_career","Home_run_percentage_career","Run_percentage_career","Runs_batted_in_percentage_career","Walks_percentage_career","player.s.league.at.the.end.of.1986","player.s.division.at.the.end.of.1986","player.s.team.at.the.end.of.1986","player.s.position.s..in.1986","number.of.put.outs.in.1986","number.of.assists.in.1986","number.of.errors.in.1986","X1987.annual.salary.on.opening.day.in.thousands.of..dollars","player.s.league.at.the.beginning.of.1987","player.s.team.at.the.beginning.of.1987"
"Alan Ashby",315,0.257142857142857,0.0222222222222222,0.296296296296296,0.120634920634921,0.123809523809524,14,3449,0.242099159176573,0.166666666666667,0.384431137724551,0.120034792693534,0.108727167294868,"N","W","Hou.","C",632,43,10,475,"N","Hou."
"Alvin Davis",479,0.271398747390397,0.0375782881002088,0.507692307692308,0.150313152400835,0.15866388308977,3,1624,0.2814039408867,0.236842105263158,0.490153172866521,0.163793103448276,0.161945812807882,"A","W","Sea.","1B",880,82,14,480,"A","Sea."
"Andre Dawson",496,0.284274193548387,0.0403225806451613,0.460992907801418,0.157258064516129,0.0745967741935484,11,5628,0.279850746268657,0.268496420047733,0.525714285714286,0.148898365316276,0.0628997867803838,"N","E","Mon.","RF",200,11,3,500,"N","Chi."
"Andres Galarraga",321,0.271028037383178,0.0311526479750779,0.448275862068966,0.130841121495327,0.0934579439252336,2,396,0.255050505050505,0.260869565217391,0.475247524752475,0.116161616161616,0.0833333333333333,"N","E","Mon.","1B",805,40,4,92,"N","Mon."
"Alfredo Griffin",594,0.284511784511784,0.00673400673400673,0.437869822485207,0.0858585858585859,0.0589225589225589,11,4408,0.257032667876588,0.056547619047619,0.442188879082083,0.0762250453720508,0.044010889292196,"A","W","Oak.","SS",282,421,25,750,"A","Oak."
"Al Newman",185,0.2,0.00540540540540541,0.621621621621622,0.0432432432432432,0.113513513513514,2,214,0.196261682242991,0.111111111111111,0.714285714285714,0.0420560747663551,0.11214953271028,"N","E","Mon.","2B",76,127,7,70,"A","Min."
"Argenis Salazar",298,0.24496644295302,0,0.328767123287671,0.0805369127516778,0.023489932885906,3,509,0.212180746561886,0,0.37962962962963,0.0726915520628684,0.0235756385068762,"A","W","K.C.","SS",121,283,9,100,"A","K.C."
"Andres Thomas",323,0.25077399380805,0.0185758513931889,0.320987654320988,0.0990712074303406,0.0247678018575851,2,341,0.252199413489736,0.176470588235294,0.372093023255814,0.0997067448680352,0.0234604105571848,"N","W","Atl.","SS",143,290,19,75,"N","Atl."
"Andre Thornton",401,0.229426433915212,0.0423940149625935,0.532608695652174,0.164588528678304,0.162094763092269,13,5206,0.255858624663849,0.284269662921348,0.588588588588589,0.170956588551671,0.166346523242413,"A","E","Cle.","DH",0,0,0,1100,"A","Cle."
"Alan Trammell",574,0.277003484320557,0.0365853658536585,0.672955974842767,0.130662020905923,0.102787456445993,10,4631,0.280716907795293,0.178571428571429,0.54,0.108831785791406,0.105376808464694,"A","E","Det.","SS",238,445,22,517,"A","Det."
"Alex Trevino",202,0.262376237623762,0.0198019801980198,0.584905660377358,0.128712871287129,0.133663366336634,9,1876,0.248933901918977,0.0806451612903226,0.411134903640257,0.0991471215351812,0.0858208955223881,"N","W","L.A.","C",304,45,11,513,"N","L.A."
"Andy Van Slyke",418,0.270334928229665,0.0311004784688995,0.424778761061947,0.145933014354067,0.11244019138756,4,1512,0.259259259259259,0.200980392156863,0.522959183673469,0.134920634920635,0.134259259259259,"N","E","St.L.","RF",211,11,7,550,"N","Pit."
"Alan Wiggins",239,0.251046025104602,0,0.5,0.0460251046025105,0.0920502092050209,6,1941,0.262751159196291,0.0388349514563107,0.605882352941176,0.0530654301906234,0.106646058732612,"A","E","Bal.","2B",121,151,6,700,"A","Bal."
"Bill Almon",196,0.219387755102041,0.0357142857142857,0.674418604651163,0.137755102040816,0.153061224489796,13,3231,0.255338904363974,0.124137931034483,0.455757575757576,0.0897554936552151,0.0736614051377283,"N","E","Pit.","UT",80,45,8,240,"N","Pit."
"Buddy Bell",568,0.278169014084507,0.0352112676056338,0.563291139240506,0.132042253521127,0.128521126760563,15,8068,0.281730292513634,0.178247734138973,0.459744830620326,0.123078829945464,0.0907288051561725,"N","W","Cin.","3B",105,290,10,775,"N","Cin."
"Buddy Biancalana",190,0.242105263157895,0.0105263157894737,0.521739130434783,0.0421052631578947,0.0789473684210526,5,479,0.21294363256785,0.217391304347826,0.637254901960784,0.0480167014613779,0.081419624217119,"A","W","K.C.","SS",102,177,16,175,"A","K.C."
"Bruce Bochy",127,0.251968503937008,0.062992125984252,0.5,0.173228346456693,0.110236220472441,8,727,0.247592847317744,0.292682926829268,0.372222222222222,0.112792297111417,0.0770288858321871,"N","W","S.D.","C",202,22,2,135,"N","S.D."
"Barry Bonds",413,0.222760290556901,0.0387409200968523,0.782608695652174,0.116222760290557,0.157384987893462,1,413,0.222760290556901,0.333333333333333,0.782608695652174,0.116222760290557,0.157384987893462,"N","E","Pit.","CF",280,9,5,100,"N","Pit."
"Bobby Bonilla",426,0.255868544600939,0.00704225352112676,0.504587155963303,0.10093896713615,0.145539906103286,1,426,0.255868544600939,0.0697674418604651,0.504587155963303,0.10093896713615,0.145539906103286,"A","W","Chi.","O1",361,22,2,115,"N","Pit."
"Bob Brenly",472,0.245762711864407,0.0338983050847458,0.517241379310345,0.13135593220339,0.156779661016949,6,1924,0.254158004158004,0.266932270916335,0.494887525562372,0.13045738045738,0.124740124740125,"N","W","S.F.","C",518,55,3,600,"N","S.F."
"Bill Buckner",629,0.267090620031797,0.0286168521462639,0.43452380952381,0.162162162162162,0.0635930047694754,18,8424,0.292497625830959,0.152985074626866,0.409090909090909,0.127255460588794,0.0477207977207977,"A","E","Bos.","1B",1067,157,14,777,"A","Bos."
"Brett Butler",587,0.277683134582624,0.00681431005110733,0.56441717791411,0.0868824531516184,0.119250425894378,6,2695,0.277179962894249,0.0858585858585859,0.591700133868809,0.073469387755102,0.117625231910946,"A","E","Cle.","CF",434,9,3,765,"A","Cle."
"Bob Dernier",324,0.225308641975309,0.0123456790123457,0.438356164383562,0.0555555555555556,0.0679012345679012,7,1931,0.254272397721388,0.12037037037037,0.592668024439919,0.0559295701708959,0.0932159502848265,"N","E","Chi.","CF",222,3,3,708,"N","Chi."
"Bo Diaz",474,0.272151898734177,0.0210970464135021,0.387596899224806,0.118143459915612,0.0843881856540084,10,2331,0.259116259116259,0.186544342507645,0.407284768211921,0.14028314028314,0.0712140712140712,"N","W","Cin.","C",732,83,13,750,"N","Cin."
"Bill Doran",550,0.276363636363636,0.0109090909090909,0.605263157894737,0.0672727272727273,0.147272727272727,5,2308,0.274263431542461,0.175824175824176,0.551342812006319,0.0788561525129983,0.133448873483536,"N","W","Hou.","2B",262,329,16,625,"N","Hou."
"Brian Downing",513,0.267056530214425,0.0389863547758285,0.656934306569343,0.185185185185185,0.175438596491228,14,5201,0.265718131128629,0.226158038147139,0.552098408104197,0.141126706402615,0.150740242261104,"A","W","Cal.","LF",267,5,3,900,"A","Cal."
"Billy Hatcher",419,0.257756563245823,0.0143198090692124,0.509259259259259,0.0859188544152745,0.0525059665871122,3,591,0.252115059221658,0.173913043478261,0.536912751677852,0.077834179357022,0.0524534686971235,"N","W","Hou.","CF",226,7,4,110,"N","Hou."
"Brook Jacoby",583,0.288164665523156,0.0291595197255575,0.494047619047619,0.137221269296741,0.0960548885077187,5,1646,0.27460510328068,0.211538461538462,0.484513274336283,0.12636695018226,0.0826245443499393,"A","E","Cle.","3B",109,292,25,613,"A","Cle."
"Bob Kearney",204,0.240196078431373,0.0294117647058824,0.469387755102041,0.122549019607843,0.0588235294117647,7,1309,0.235294117647059,0.204545454545455,0.409090909090909,0.100840336134454,0.0504201680672269,"A","W","Sea.","C",419,46,5,300,"A","Sea."
"Bill Madlock",379,0.279683377308707,0.0263852242744063,0.358490566037736,0.158311345646438,0.079155672823219,14,6207,0.307072659900113,0.181818181818182,0.450682056663169,0.129370066054455,0.0919929112292573,"N","W","L.A.","3B",72,170,24,850,"N","L.A."
"Bob Melvin",268,0.223880597014925,0.0186567164179104,0.4,0.0932835820895522,0.0559701492537313,2,350,0.222857142857143,0.172413793103448,0.435897435897436,0.0828571428571429,0.0514285714285714,"N","W","S.F.","C",442,59,6,90,"N","S.F."
"Billy Jo Robidoux",181,0.226519337016575,0.00552486187845304,0.365853658536585,0.116022099447514,0.18232044198895,2,232,0.21551724137931,0.137931034482759,0.4,0.125,0.193965517241379,"A","E","Mil.","1B",326,29,5,68,"A","Mil."
"Bill Schroeder",217,0.211981566820276,0.032258064516129,0.695652173913043,0.0875576036866359,0.0414746543778802,4,694,0.230547550432277,0.421052631578947,0.5375,0.109510086455331,0.0461095100864553,"A","E","Mil.","UT",307,25,1,180,"A","Mil."
"Chris Bando",254,0.267716535433071,0.0078740157480315,0.411764705882353,0.102362204724409,0.0866141732283465,6,999,0.236236236236236,0.179487179487179,0.457627118644068,0.117117117117117,0.118118118118118,"A","E","Cle.","C",359,30,4,305,"A","Cle."
"Chris Brown",416,0.317307692307692,0.0168269230769231,0.431818181818182,0.117788461538462,0.0793269230769231,3,932,0.292918454935622,0.198347107438017,0.413919413919414,0.129828326180257,0.0858369098712446,"N","W","S.F.","3B",73,177,18,215,"N","S.F."
"Carmen Castillo",205,0.278048780487805,0.0390243902439024,0.596491228070175,0.15609756097561,0.0439024390243902,5,756,0.253968253968254,0.299065420560748,0.609375,0.141534391534392,0.0674603174603175,"A","E","Cle.","OD",58,4,4,248,"A","Cle."
"Chili Davis",526,0.277566539923954,0.0247148288973384,0.486301369863014,0.133079847908745,0.159695817490494,6,2648,0.270015105740181,0.225146198830409,0.492307692307692,0.129154078549849,0.109138972809668,"N","W","S.F.","RF",303,9,9,815,"N","S.F."
"Carlton Fisk",457,0.221006564551422,0.0306345733041575,0.415841584158416,0.137855579868709,0.0481400437636762,17,6521,0.270970710013802,0.287615148413511,0.567628749292586,0.149823646679957,0.094924091397025,"A","W","Chi.","C",389,39,4,875,"A","Chi."
"Curt Ford",214,0.247663551401869,0.00934579439252336,0.566037735849057,0.135514018691589,0.107476635514019,2,226,0.261061946902655,0.0625,0.542372881355932,0.141592920353982,0.119469026548673,"N","E","St.L.","OF",109,7,3,70,"N","St.L."
"Carney Lansford",591,0.284263959390863,0.0321489001692047,0.476190476190476,0.121827411167513,0.065989847715736,9,4478,0.291871371147834,0.200710479573712,0.485080336648814,0.125725770433229,0.0712371594461813,"A","W","Oak.","3B",67,147,4,1200,"A","Oak."
"Chet Lemon",403,0.250620347394541,0.0297766749379653,0.445544554455446,0.13151364764268,0.0967741935483871,12,5150,0.27747572815534,0.249249249249249,0.522743177046886,0.129320388349515,0.102135922330097,"A","E","Det.","CF",316,6,5,675,"A","Det."
"Candy Maldonado",405,0.251851851851852,0.0444444444444444,0.480392156862745,0.209876543209877,0.0493827160493827,6,950,0.243157894736842,0.210144927536232,0.428571428571429,0.145263157894737,0.0673684210526316,"N","W","S.F.","OF",161,10,3,415,"N","S.F."
"Carmelo Martinez",244,0.237704918032787,0.0368852459016393,0.482758620689655,0.102459016393443,0.14344262295082,4,1335,0.249438202247191,0.273743016759777,0.492492492492492,0.134082397003745,0.145318352059925,"N","W","S.D.","O1",142,14,2,340,"N","S.D."
"Craig Reynolds",313,0.249201277955272,0.0191693290734824,0.41025641025641,0.130990415335463,0.0383386581469649,12,3742,0.258685195082843,0.109034267912773,0.422520661157025,0.0857830037413148,0.0454302512025655,"N","W","Hou.","SS",106,206,7,417,"N","Hou."
"Cal Ripken",627,0.282296650717703,0.0398724082934609,0.553672316384181,0.129186602870813,0.111642743221691,6,3210,0.288785046728972,0.281779661016949,0.570658036677454,0.147040498442368,0.0975077881619938,"A","E","Bal.","SS",240,482,13,1350,"A","Bal."
"Cory Snyder",416,0.271634615384615,0.0576923076923077,0.513274336283186,0.165865384615385,0.0384615384615385,1,416,0.271634615384615,0.347826086956522,0.513274336283186,0.165865384615385,0.0384615384615385,"A","E","Cle.","OS",203,70,10,90,"A","Cle."
"Chris Speier",155,0.283870967741935,0.0387096774193548,0.477272727272727,0.148387096774194,0.0967741935483871,16,6631,0.246418338108883,0.148260211800303,0.427172582619339,0.099683305685417,0.117176896395717,"N","E","Chi.","3S",53,88,3,275,"N","S.F."
"Curt Wilkerson",236,0.23728813559322,0,0.482142857142857,0.0635593220338983,0.0466101694915254,4,1115,0.242152466367713,0.015625,0.42962962962963,0.0573991031390135,0.0511210762331839,"A","W","Tex.","2S",125,199,13,230,"A","Tex."
"Dave Anderson",216,0.24537037037037,0.00462962962962963,0.584905660377358,0.0694444444444444,0.101851851851852,4,926,0.226781857451404,0.130434782608696,0.561904761904762,0.0745140388768898,0.123110151187905,"N","W","L.A.","3S",73,152,11,225,"N","L.A."
"Don Baylor",585,0.237606837606838,0.052991452991453,0.669064748201439,0.160683760683761,0.105982905982906,17,7546,0.262655711635303,0.267175572519084,0.575681130171544,0.156241717466207,0.0963424330771269,"A","E","Bos.","DH",0,0,0,950,"A","Bos."
"Daryl Boston",199,0.266331658291457,0.0251256281407035,0.547169811320755,0.110552763819095,0.105527638190955,3,514,0.233463035019455,0.2,0.475,0.0778210116731518,0.075875486381323,"A","W","Chi.","CF",152,3,5,75,"A","Chi."
"Darnell Coles",521,0.272552783109405,0.0383877159309021,0.471830985915493,0.165067178502879,0.0863723608445297,4,815,0.251533742331288,0.213592233009709,0.482926829268293,0.12638036809816,0.0957055214723926,"A","E","Det.","3B",107,242,23,105,"A","Det."
"Dave Concepcion",311,0.260450160771704,0.00964630225080386,0.518518518518518,0.0964630225080386,0.0836012861736334,17,8247,0.266521159209409,0.11001100110011,0.43221110100091,0.110221898872317,0.083666787922881,"N","W","Cin.","UT",153,223,10,320,"N","Pit."
"Doug DeCinces",512,0.255859375,0.05078125,0.526717557251908,0.1875,0.1015625,14,5347,0.261268000748083,0.271165644171779,0.509663564781675,0.15242191883299,0.102487376098747,"A","W","Cal.","3B",119,216,12,850,"A","Cal."
"Darrell Evans",507,0.240631163708087,0.0571992110453649,0.639344262295082,0.167652859960552,0.179487179487179,18,7761,0.250869733281794,0.301215277777778,0.603492552645095,0.148434480092772,0.177812137611133,"A","E","Det.","1B",808,108,2,535,"A","Det."
"Dwight Evans",529,0.258979206049149,0.0491493383742911,0.627737226277372,0.183364839319471,0.183364839319471,15,6661,0.267977781113947,0.306638566912539,0.606162464985994,0.14247110043537,0.148476204774058,"A","E","Bos.","RF",280,10,5,933,"A","Bos."
"Damaso Garcia",424,0.280660377358491,0.0141509433962264,0.478991596638655,0.108490566037736,0.0306603773584906,9,3651,0.286496850178033,0.106312292358804,0.440726577437859,0.0824431662558203,0.0306765269789099,"A","E","Tor.","2B",224,286,8,850,"N","Cin."
"Dan Gladden",351,0.276353276353276,0.0113960113960114,0.56701030927835,0.0826210826210826,0.111111111111111,4,1258,0.28060413354531,0.145454545454545,0.555240793201133,0.0874403815580286,0.0930047694753577,"N","W","S.F.","CF",226,7,3,210,"A","Min."
"Dave Henderson",388,0.265463917525773,0.038659793814433,0.572815533980582,0.121134020618557,0.100515463917526,6,2174,0.255289788408464,0.291970802919708,0.513513513513513,0.126034958601656,0.0855565777368905,"A","W","Sea.","OF",182,9,4,325,"A","Bos."
"Donnie Hill",339,0.283185840707965,0.0117994100294985,0.385416666666667,0.0855457227138643,0.0678466076696165,4,1064,0.272556390977444,0.101851851851852,0.424137931034483,0.101503759398496,0.0516917293233083,"A","W","Oak.","23",104,213,9,275,"A","Chi."
"Davey Lopes",255,0.274509803921569,0.0274509803921569,0.7,0.137254901960784,0.168627450980392,15,6311,0.263191253367137,0.253289473684211,0.613485851896448,0.0963397242909206,0.129931864997623,"N","E","Chi.","3O",51,54,8,450,"N","Hou."
"Don Mattingly",677,0.351550960118168,0.0457902511078287,0.491596638655462,0.166912850812408,0.0782865583456425,5,2223,0.331533963112911,0.231920199501247,0.473541383989145,0.180386864597391,0.0769230769230769,"A","E","N.Y.","1B",1377,100,6,1975,"A","N.Y."
"Dale Murphy",614,0.265472312703583,0.0472312703583062,0.54601226993865,0.135179153094463,0.12214983713355,11,5017,0.276659358182181,0.32360097323601,0.585734870317003,0.163842934024317,0.122981861670321,"N","W","Atl.","CF",303,6,6,1900,"N","Atl."
"Dwayne Murphy",329,0.252279635258359,0.027355623100304,0.602409638554217,0.11854103343465,0.170212765957447,9,3828,0.247648902821317,0.274621212121212,0.606540084388186,0.137931034482759,0.165882967607106,"A","W","Oak.","CF",276,6,2,600,"A","Oak."
"Dave Parker",637,0.273155416012559,0.0486656200941915,0.511494252873563,0.182103610675039,0.0879120879120879,14,6727,0.300877062583618,0.225983531564501,0.483201581027668,0.162479559982161,0.0735840642188197,"N","W","Cin.","RF",278,9,9,1042,"N","Cin."
"Dan Pasqua",280,0.292857142857143,0.0571428571428571,0.536585365853659,0.160714285714286,0.167857142857143,2,428,0.264018691588785,0.357142857142857,0.539823008849557,0.163551401869159,0.147196261682243,"A","E","N.Y.","LF",148,4,2,110,"A","N.Y."
"Darrell Porter",155,0.264516129032258,0.0774193548387097,0.51219512195122,0.187096774193548,0.141935483870968,16,5409,0.247365501941209,0.224844720496894,0.557548579970105,0.148826030689591,0.161767424662599,"A","W","Tex.","CD",165,9,1,260,"A","Tex."
"Dick Schofield",458,0.248908296943231,0.0283842794759825,0.587719298245614,0.124454148471616,0.104803493449782,4,1350,0.220740740740741,0.227642276422764,0.536912751677852,0.0911111111111111,0.0903703703703704,"A","W","Cal.","SS",246,389,18,475,"A","Cal."
"Don Slaught",314,0.264331210191083,0.0414012738853503,0.469879518072289,0.146496815286624,0.0509554140127389,5,1457,0.277968428277282,0.176100628930818,0.385185185185185,0.109128345916266,0.0521619766643789,"A","W","Tex.","C",533,40,4,432,"A","Tex."
"Darryl Strawberry",475,0.258947368421053,0.0568421052631579,0.617886178861789,0.195789473684211,0.151578947368421,4,1810,0.260220994475138,0.314868804664723,0.619957537154989,0.189502762430939,0.147513812154696,"N","E","N.Y.","RF",226,10,6,1220,"N","N.Y."
"Dale Sveum",317,0.246056782334385,0.0220820189274448,0.448717948717949,0.110410094637224,0.100946372239748,1,317,0.246056782334385,0.2,0.448717948717949,0.110410094637224,0.100946372239748,"A","E","Mil.","3B",45,122,26,70,"A","Mil."
"Danny Tartabull",511,0.270058708414873,0.0489236790606654,0.550724637681159,0.187866927592955,0.119373776908023,3,592,0.277027027027027,0.254545454545455,0.530487804878049,0.185810810810811,0.119932432432432,"A","W","Sea.","RF",157,7,8,145,"A","K.C."
"Denny Walling",382,0.31151832460733,0.0340314136125654,0.453781512605042,0.151832460732984,0.0942408376963351,12,2133,0.278481012658228,0.139455782312925,0.483164983164983,0.137834036568214,0.106422878574777,"N","W","Hou.","3B",59,156,9,595,"N","Hou."
"Dave Winfield",565,0.261946902654867,0.0424778761061947,0.608108108108108,0.184070796460177,0.136283185840708,14,7287,0.285851516399067,0.247163695299838,0.544887181949112,0.169342665019898,0.108549471661864,"A","E","N.Y.","RF",292,9,5,1861,"A","N.Y."
"Eric Davis",415,0.27710843373494,0.0650602409638554,0.843478260869565,0.171084337349398,0.163855421686747,3,711,0.258790436005626,0.378151260504202,0.847826086956522,0.167369901547117,0.139240506329114,"N","W","Cin.","LF",274,2,7,300,"N","Cin."
"Eddie Milner",424,0.259433962264151,0.035377358490566,0.636363636363636,0.110849056603774,0.0849056603773585,7,2130,0.255399061032864,0.218390804597701,0.615808823529412,0.0816901408450704,0.12112676056338,"N","W","Cin.","CF",292,6,3,490,"N","S.F."
"Eddie Murray",495,0.305050505050505,0.0343434343434343,0.403973509933775,0.16969696969697,0.157575757575758,10,5624,0.298541963015647,0.270935960591133,0.526503871351995,0.18047652916074,0.126066856330014,"A","E","Bal.","1B",1045,88,13,2460,"A","Bal."
"Ed Romero",233,0.210300429184549,0.00858369098712446,0.836734693877551,0.0987124463519313,0.0772532188841202,8,1350,0.248888888888889,0.0573770491803279,0.494047619047619,0.0903703703703704,0.0785185185185185,"A","E","Bos.","SS",102,132,10,375,"A","Bos."
"Frank White",566,0.27208480565371,0.03886925795053,0.493506493506494,0.148409893992933,0.0759717314487632,14,6100,0.259508196721311,0.189033189033189,0.469361970941251,0.113606557377049,0.0491803278688525,"A","W","K.C.","2B",316,439,10,750,"A","K.C."
"George Bell",641,0.308892355694228,0.0483619344773791,0.51010101010101,0.168486739469579,0.0639625585023401,5,2129,0.286519492719587,0.288401253918495,0.486885245901639,0.149835603569751,0.0549553781117896,"A","E","Tor.","LF",269,17,10,1175,"A","Tor."
"Glenn Braggs",215,0.237209302325581,0.0186046511627907,0.372549019607843,0.0837209302325581,0.0511627906976744,1,215,0.237209302325581,0.222222222222222,0.372549019607843,0.0837209302325581,0.0511627906976744,"A","E","Mil.","LF",116,5,12,70,"A","Mil."
"George Brett",441,0.290249433106576,0.036281179138322,0.546875,0.165532879818594,0.18140589569161,14,6675,0.313857677902622,0.199047619047619,0.511694510739857,0.157303370786517,0.104119850187266,"A","W","K.C.","3B",97,218,16,1500,"A","K.C."
"Greg Brock",325,0.233846153846154,0.0492307692307692,0.434210526315789,0.16,0.113846153846154,5,1506,0.233067729083665,0.324200913242009,0.555555555555556,0.145418326693227,0.142098273572377,"N","W","L.A.","1B",726,87,3,385,"A","Mil."
"Gary Carter",490,0.255102040816327,0.0489795918367347,0.648,0.214285714285714,0.126530612244898,13,6063,0.271482764308098,0.271271271271271,0.514580801944107,0.164769915883226,0.112155698499093,"N","E","N.Y.","C",869,62,8,1926,"N","N.Y."
"Glenn Davis",574,0.264808362369338,0.054006968641115,0.598684210526316,0.17595818815331,0.111498257839721,3,985,0.263959390862944,0.30635838150289,0.569230769230769,0.175634517766497,0.0964467005076142,"N","W","Hou.","1B",1253,111,11,215,"N","Hou."
"Gary Gaetti",596,0.286912751677852,0.0570469798657718,0.532163742690059,0.181208053691275,0.087248322147651,6,2862,0.254367575122292,0.266832917705736,0.495879120879121,0.140111809923131,0.0782669461914745,"A","W","Min.","3B",118,334,21,900,"A","Min."
"Greg Gagne",472,0.25,0.0254237288135593,0.533898305084746,0.114406779661017,0.0635593220338983,4,793,0.235813366960908,0.175,0.545454545454545,0.100882723833544,0.0630517023959647,"A","W","Min.","SS",228,377,26,155,"A","Min."
"George Hendrick",283,0.27208480565371,0.049469964664311,0.584415584415584,0.166077738515901,0.0918727915194346,16,6840,0.279239766081871,0.2427366447985,0.479057591623037,0.155994152046784,0.0798245614035088,"A","W","Cal.","OF",144,6,5,700,"A","Cal."
"Glenn Hubbard",408,0.230392156862745,0.00980392156862745,0.446808510638298,0.0882352941176471,0.161764705882353,9,3573,0.242373355723482,0.161643835616438,0.495381062355658,0.102155051777218,0.114749510215505,"N","W","Atl.","2B",282,487,19,535,"N","Atl."
"Garth Iorg",327,0.259938837920489,0.00917431192660551,0.352941176470588,0.134556574923547,0.0611620795107034,8,2140,0.265420560747664,0.0769230769230769,0.380281690140845,0.097196261682243,0.0434579439252336,"A","E","Tor.","32",91,185,12,363,"A","Tor."
"Gary Matthews",370,0.259459459459459,0.0567567567567568,0.510416666666667,0.124324324324324,0.162162162162162,15,6986,0.282278843401088,0.241884816753927,0.542596348884381,0.13670197537933,0.131835098768967,"N","E","Chi.","LF",137,5,9,733,"N","Chi."
"Graig Nettles",354,0.217514124293785,0.0451977401129944,0.467532467532468,0.155367231638418,0.115819209039548,20,8716,0.249196879302432,0.303078137332281,0.539594843462247,0.145364846259752,0.121271225332721,"N","W","S.D.","3B",83,174,16,200,"N","Atl."
"Gary Pettis",539,0.257884972170686,0.00927643784786642,0.669064748201439,0.10760667903525,0.128014842300557,5,1469,0.251191286589517,0.0952380952380952,0.669376693766938,0.0857726344452008,0.134785568413887,"A","W","Cal.","CF",462,9,7,400,"A","Cal."
"Gary Redus",340,0.247058823529412,0.0323529411764706,0.738095238095238,0.0970588235294118,0.138235294117647,5,1516,0.24802110817942,0.297872340425532,0.75531914893617,0.0930079155672823,0.144459102902375,"N","E","Phi.","LF",185,8,4,400,"A","Chi."
"Garry Templeton",510,0.247058823529412,0.00392156862745098,0.333333333333333,0.0862745098039216,0.0686274509803922,11,5562,0.283710895361381,0.0847784200385356,0.445500633713561,0.093311758360302,0.0460266091334052,"N","W","S.D.","SS",207,358,20,738,"N","S.D."
"Greg Walker",282,0.276595744680851,0.0460992907801418,0.474358974358974,0.180851063829787,0.102836879432624,5,1649,0.274711946634324,0.260714285714286,0.465783664459161,0.169799878714372,0.0836870830806549,"A","W","Chi.","1B",670,57,5,500,"A","Chi."
"Gary Ward",380,0.315789473684211,0.0131578947368421,0.45,0.134210526315789,0.0815789473684211,8,3118,0.288646568313021,0.219570405727924,0.493333333333333,0.134381013470173,0.0769724182168056,"A","W","Tex.","LF",237,8,1,600,"A","N.Y."
"Glenn Wilson",584,0.270547945205479,0.0256849315068493,0.443037974683544,0.143835616438356,0.0719178082191781,5,2358,0.269720101781171,0.183544303797468,0.416666666666667,0.13401187446989,0.0568278201865988,"N","E","Phi.","RF",331,20,4,663,"N","Phi."
"Harold Baines",570,0.296491228070175,0.0368421052631579,0.42603550295858,0.154385964912281,0.0666666666666667,7,3754,0.286893979754928,0.237691001697793,0.456824512534819,0.156899307405434,0.0700586041555674,"A","W","Chi.","RF",295,15,5,950,"A","Chi."
"Hubie Brooks",306,0.339869281045752,0.0457516339869281,0.480769230769231,0.189542483660131,0.0816993464052288,7,2954,0.278266756939743,0.145888594164456,0.380778588807786,0.12762356127285,0.0633039945836154,"N","E","Mon.","SS",116,222,15,750,"N","Mon."
"Howard Johnson",220,0.245454545454545,0.0454545454545455,0.555555555555556,0.177272727272727,0.140909090909091,5,1185,0.252320675105485,0.25974025974026,0.48494983277592,0.129957805907173,0.108016877637131,"N","E","N.Y.","3S",50,136,20,298,"N","N.Y."
"Hal McRae",278,0.251798561151079,0.0251798561151079,0.314285714285714,0.133093525179856,0.0647482014388489,18,7186,0.289590871138325,0.174632352941176,0.449303219605959,0.15140551071528,0.0894795435569162,"A","W","K.C.","DH",0,0,0,325,"A","K.C."
"Harold Reynolds",445,0.22247191011236,0.00224719101123596,0.464646464646465,0.0539325842696629,0.0651685393258427,4,618,0.20873786407767,0.032258064516129,0.558139534883721,0.0501618122977346,0.0776699029126214,"A","W","Sea.","2B",278,415,16,88,"A","Sea."
"Harry Spilman",143,0.272727272727273,0.034965034965035,0.461538461538462,0.20979020979021,0.104895104895105,9,639,0.236306729264476,0.164948453608247,0.529801324503311,0.151799687010955,0.0954616588419405,"N","W","S.F.","1B",138,15,1,175,"N","S.F."
"Herm Winningham",185,0.216216216216216,0.0216216216216216,0.575,0.0594594594594595,0.0972972972972973,3,524,0.238549618320611,0.189189189189189,0.464,0.0706106870229008,0.0896946564885496,"N","E","Mon.","OF",97,2,2,90,"N","Mon."
"Jesse Barfield",589,0.288624787775891,0.067911714770798,0.629411764705882,0.183361629881155,0.117147707979626,6,2325,0.272688172043011,0.340425531914894,0.585173501577287,0.161720430107527,0.102365591397849,"A","E","Tor.","RF",368,20,3,1238,"A","Tor."
"Juan Beniquez",343,0.300291545189504,0.0174927113702624,0.466019417475728,0.104956268221574,0.116618075801749,15,4338,0.27501152604887,0.166270783847981,0.487007544006706,0.0970493314891655,0.0749193176579069,"A","E","Bal.","UT",211,56,13,430,"A","K.C."
"John Cangelosi",438,0.235159817351598,0.0045662100456621,0.631067961165049,0.0730593607305936,0.162100456621005,2,440,0.234090909090909,0.0625,0.650485436893204,0.0727272727272727,0.161363636363636,"A","W","Chi.","LF",276,7,9,100,"N","Pit."
"Jose Canseco",600,0.24,0.055,0.590277777777778,0.195,0.108333333333333,2,696,0.248563218390805,0.292307692307692,0.583815028901734,0.186781609195402,0.0991379310344828,"A","W","Oak.","LF",319,4,14,165,"A","Oak."
"Joe Carter",663,0.301659125188537,0.0437405731523379,0.54,0.182503770739065,0.0482654600301659,4,1447,0.279198341395992,0.256756756756757,0.51980198019802,0.153420870767104,0.0469937802349689,"A","E","Cle.","RF",241,8,6,250,"A","Cle."
"Jack Clark",232,0.237068965517241,0.0387931034482759,0.618181818181818,0.0991379310344828,0.193965517241379,12,4405,0.275368898978434,0.275177304964539,0.578730420445177,0.160045402951192,0.141884222474461,"N","E","St.L.","1B",623,35,3,1300,"N","St.L."
"Jose Cruz",479,0.277661795407098,0.0208768267223382,0.360902255639098,0.150313152400835,0.11482254697286,17,7472,0.287339400428266,0.148255813953488,0.456450861667443,0.138115631691649,0.114293361884368,"N","W","Hou.","LF",237,5,4,773,"N","Hou."
"Jody Davis",528,0.25,0.0397727272727273,0.462121212121212,0.140151515151515,0.0776515151515152,6,2641,0.254070427868232,0.253263707571802,0.406855439642325,0.145020825444907,0.085573646346081,"N","E","Chi.","C",885,105,8,1008,"N","Chi."
"Jim Dwyer",160,0.24375,0.05,0.461538461538462,0.19375,0.1375,14,2128,0.255169172932331,0.208955223880597,0.559852670349908,0.12593984962406,0.140037593984962,"A","E","Bal.","DO",33,3,0,275,"A","Bal."
"Julio Franco",599,0.30550918196995,0.01669449081803,0.437158469945355,0.123539232053422,0.0534223706176962,5,2482,0.288074133763094,0.0828220858895705,0.461538461538462,0.131345688960516,0.0636583400483481,"A","E","Cle.","SS",231,374,18,775,"A","Cle."
"Jim Gantner",497,0.27364185110664,0.0140845070422535,0.426470588235294,0.0764587525150905,0.0523138832997988,11,3871,0.275381038491346,0.108991825613079,0.422138836772983,0.0948075432704727,0.0622578145182123,"A","E","Mil.","2B",304,347,10,850,"A","Mil."
"Johnny Grubb",210,0.333333333333333,0.0619047619047619,0.457142857142857,0.242857142857143,0.133333333333333,15,4040,0.27970297029703,0.20995670995671,0.48141592920354,0.114356435643564,0.136386138613861,"A","E","Det.","DH",0,0,0,365,"A","Det."
"Jack Howell",151,0.271523178807947,0.0264900662251656,0.634146341463415,0.139072847682119,0.125827814569536,2,288,0.236111111111111,0.230769230769231,0.661764705882353,0.135416666666667,0.121527777777778,"A","W","Cal.","3B",28,56,2,95,"A","Cal."
"John Kruk",278,0.309352517985612,0.0143884892086331,0.383720930232558,0.136690647482014,0.161870503597122,1,278,0.309352517985612,0.105263157894737,0.383720930232558,0.136690647482014,0.161870503597122,"N","W","S.D.","LF",102,4,2,110,"N","S.D."
"Jeffrey Leonard",341,0.278592375366569,0.0175953079178886,0.505263157894737,0.12316715542522,0.0586510263929619,10,2964,0.272604588394062,0.189252336448598,0.469059405940594,0.144399460188934,0.0745614035087719,"N","W","S.F.","LF",158,4,5,100,"N","S.F."
"Jim Morrison",537,0.273743016759777,0.042830540037244,0.394557823129252,0.163873370577281,0.0875232774674116,10,2744,0.266034985422741,0.276353276353276,0.413698630136986,0.127915451895044,0.0634110787172012,"N","E","Pit.","3B",92,257,20,278,"N","Pit."
"John Moses",399,0.255639097744361,0.0075187969924812,0.549019607843137,0.0852130325814536,0.0852130325814536,5,670,0.249253731343284,0.0833333333333333,0.532934131736527,0.0716417910447761,0.0805970149253731,"A","W","Sea.","CF",211,9,3,80,"A","Sea."
"Jerry Mumphrey",309,0.3042071197411,0.0161812297734628,0.393617021276596,0.103559870550162,0.0841423948220065,13,4618,0.288003464703335,0.109195402298851,0.463157894736842,0.113035946297098,0.0944131658726722,"N","E","Chi.","OF",161,3,3,600,"N","Chi."
"Jim Presley",616,0.26461038961039,0.0438311688311688,0.50920245398773,0.173701298701299,0.051948051948052,3,1437,0.262352122477383,0.286343612334802,0.480106100795756,0.157967988865692,0.0570633263743911,"A","W","Sea.","3B",110,308,15,200,"A","Sea."
"Johnny Ray",579,0.300518134715026,0.0120898100172712,0.385057471264368,0.134715025906736,0.100172711571675,6,3053,0.288241074353095,0.0949554896142433,0.415909090909091,0.110383229610219,0.0714051752374713,"N","E","Pit.","2B",280,479,5,657,"N","Pit."
"Jeff Reed",165,0.236363636363636,0.0121212121212121,0.333333333333333,0.0545454545454545,0.096969696969697,3,196,0.224489795918367,0.2,0.409090909090909,0.0510204081632653,0.0918367346938776,"A","W","Min.","C",332,19,2,75,"N","Mon."
"Jim Rice",618,0.323624595469256,0.0323624595469256,0.49,0.177993527508091,0.100323624595469,13,7127,0.303493756138628,0.272304111714507,0.510402219140083,0.180861512557878,0.0791356812122913,"A","E","Bos.","LF",330,16,8,2413,"A","Bos."
"Jerry Royster",257,0.256809338521401,0.0194552529182879,0.46969696969697,0.101167315175097,0.124513618677043,14,3910,0.250383631713555,0.101851851851852,0.529111338100102,0.0828644501278772,0.0976982097186701,"N","W","S.D.","UT",87,166,14,250,"A","Chi."
"John Russell",315,0.241269841269841,0.0412698412698413,0.460526315789474,0.19047619047619,0.0793650793650794,3,630,0.23968253968254,0.25531914893617,0.450331125827815,0.149206349206349,0.0873015873015873,"N","E","Phi.","C",498,39,13,155,"N","Phi."
"Juan Samuel",591,0.265651438240271,0.027072758037225,0.573248407643312,0.131979695431472,0.0439932318104907,4,2020,0.267821782178218,0.230088495575221,0.573012939001848,0.111881188118812,0.045049504950495,"N","E","Phi.","2B",290,440,25,640,"N","Phi."
"John Shelby",404,0.227722772277228,0.0272277227722772,0.58695652173913,0.121287128712871,0.0445544554455446,6,1354,0.240029542097489,0.222222222222222,0.578461538461538,0.0997045790251108,0.0465288035450517,"A","E","Bal.","OF",222,5,5,300,"A","Bal."
"Joel Skinner",315,0.231746031746032,0.0158730158730159,0.315068493150685,0.117460317460317,0.0507936507936508,4,450,0.24,0.130434782608696,0.351851851851852,0.102222222222222,0.0622222222222222,"A","W","Chi.","C",227,15,3,110,"A","N.Y."
"Jim Sundberg",429,0.212121212121212,0.027972027972028,0.450549450549451,0.0979020979020979,0.132867132867133,13,5590,0.249910554561717,0.143350604490501,0.413743736578382,0.103577817531306,0.11520572450805,"A","W","K.C.","C",686,46,4,825,"N","Chi."
"Jose Uribe",453,0.222958057395143,0.00662251655629139,0.455445544554455,0.0949227373068433,0.134657836644592,3,948,0.229957805907173,0.0833333333333333,0.440366972477064,0.0759493670886076,0.0959915611814346,"N","W","S.F.","SS",249,444,16,195,"N","S.F."
"Joel Youngblood",184,0.255434782608696,0.0271739130434783,0.425531914893617,0.152173913043478,0.0978260869565217,11,3327,0.267508265704839,0.193717277486911,0.470786516853933,0.114818154493538,0.0913736098587316,"N","W","S.F.","OF",49,2,0,450,"N","S.F."
"Kevin Bass",591,0.311336717428088,0.0338409475465313,0.451086956521739,0.133671742808799,0.0642978003384095,5,1689,0.273534635879218,0.205128205128205,0.474025974025974,0.115452930728242,0.0485494375370041,"N","W","Hou.","RF",303,12,5,630,"N","Hou."
"Kal Daniels",181,0.320441988950276,0.0331491712707182,0.586206896551724,0.12707182320442,0.121546961325967,1,181,0.320441988950276,0.260869565217391,0.586206896551724,0.12707182320442,0.121546961325967,"N","W","Cin.","OF",88,0,3,87,"N","Cin."
"Kirk Gibson",441,0.267573696145125,0.0634920634920635,0.711864406779661,0.195011337868481,0.154195011337868,8,2723,0.275431509364671,0.3,0.577333333333333,0.154241645244216,0.113477781858245,"A","E","Det.","RF",190,2,2,1300,"A","Det."
"Ken Griffey",490,0.306122448979592,0.0428571428571429,0.46,0.118367346938776,0.0714285714285714,14,6126,0.300195886385896,0.171145685997171,0.534529635671561,0.115409729023833,0.0979431929480901,"A","E","N.Y.","OF",96,5,3,1000,"N","Atl."
"Keith Hernandez",551,0.310344827586207,0.0235934664246824,0.549707602339181,0.150635208711434,0.17059891107078,13,6090,0.302134646962233,0.142222222222222,0.526630434782609,0.147783251231527,0.150574712643678,"N","E","N.Y.","1B",1199,149,5,1800,"N","N.Y."
"Kent Hrbek",550,0.267272727272727,0.0527272727272727,0.578231292517007,0.165454545454545,0.129090909090909,6,2816,0.289417613636364,0.246835443037975,0.496932515337423,0.168323863636364,0.11328125,"A","W","Min.","1B",1218,104,10,1310,"A","Min."
"Ken Landreaux",283,0.261484098939929,0.0141342756183746,0.459459459459459,0.102473498233216,0.0777385159010601,10,3919,0.270987496810411,0.18640350877193,0.475517890772128,0.116356213319724,0.0722122990558816,"N","W","L.A.","OF",145,5,7,738,"N","L.A."
"Kevin McReynolds",560,0.2875,0.0464285714285714,0.552795031055901,0.171428571428571,0.117857142857143,4,1789,0.262716601453326,0.25,0.495744680851064,0.14533258803801,0.0866405813303522,"N","W","S.D.","CF",332,9,8,625,"N","N.Y."
"Kevin Mitchell",328,0.277439024390244,0.0365853658536585,0.56043956043956,0.13109756097561,0.100609756097561,2,342,0.274853801169591,0.272727272727273,0.542553191489362,0.128654970760234,0.0964912280701754,"N","E","N.Y.","OS",145,59,8,125,"N","S.D."
"Keith Moreland",586,0.271331058020478,0.0204778156996587,0.452830188679245,0.13481228668942,0.0904436860068259,9,3082,0.285528877352369,0.174004192872117,0.4125,0.154769630110318,0.0957170668397145,"N","E","Chi.","RF",181,13,4,1043,"N","Chi."
"Ken Oberkfell",503,0.27037773359841,0.0099403578528827,0.455882352941176,0.095427435387674,0.165009940357853,10,3423,0.283377154542799,0.066006600660066,0.420618556701031,0.0885188431200701,0.120946538124452,"N","W","Atl.","3B",65,258,8,725,"N","Atl."
"Ken Phelps",344,0.247093023255814,0.0697674418604651,0.811764705882353,0.186046511627907,0.255813953488372,7,911,0.234906695938529,0.41025641025641,0.700934579439252,0.171240395170143,0.205268935236004,"A","W","Sea.","DH",0,0,0,300,"A","Sea."
"Kirby Puckett",680,0.327941176470588,0.0455882352941176,0.533632286995516,0.141176470588235,0.05,3,1928,0.304460580912863,0.174129353233831,0.44633730834753,0.104253112033195,0.0471991701244813,"A","W","Min.","CF",429,8,6,365,"A","Min."
"Kurt Stillwell",279,0.229390681003584,0,0.484375,0.0931899641577061,0.10752688172043,1,279,0.229390681003584,0,0.484375,0.0931899641577061,0.10752688172043,"N","W","Cin.","SS",107,205,16,75,"N","Cin."
"Leon Durham",484,0.262396694214876,0.0413223140495868,0.519685039370079,0.134297520661157,0.138429752066116,7,3006,0.280771789753826,0.253275109170306,0.516587677725118,0.152361942781104,0.125415834996673,"N","E","Chi.","1B",1231,80,7,1183,"N","Chi."
"Len Dykstra",431,0.294663573085847,0.0185614849187935,0.606299212598425,0.104408352668213,0.134570765661253,2,667,0.280359820089955,0.140625,0.625668449197861,0.095952023988006,0.131934032983508,"N","E","N.Y.","CF",283,8,3,203,"N","N.Y."
"Larry Herndon",283,0.247349823321555,0.0282685512367491,0.471428571428571,0.130742049469965,0.0954063604240283,12,4479,0.272828756418843,0.194616977225673,0.455810147299509,0.107836570663094,0.0685420852868944,"A","E","Det.","OF",156,2,2,225,"A","Det."
"Lee Lacy",491,0.287169042769857,0.0224032586558045,0.546099290780142,0.0957230142566191,0.0753564154786151,15,4291,0.288976928454906,0.195348837209302,0.495967741935484,0.10020974131904,0.0792356094150548,"A","E","Bal.","RF",239,8,2,525,"A","Bal."
"Len Matuszek",199,0.261306532663317,0.0452261306532663,0.5,0.14070351758794,0.105527638190955,6,805,0.237267080745342,0.252100840336134,0.591623036649215,0.147826086956522,0.108074534161491,"N","W","L.A.","O1",235,22,5,265,"N","L.A."
"Lloyd Moseby",589,0.252971137521222,0.0356536502546689,0.597315436241611,0.146010186757216,0.108658743633277,7,3558,0.260820685778527,0.21656050955414,0.552801724137931,0.132377740303541,0.0986509274873524,"A","E","Tor.","CF",371,6,6,788,"A","Tor."
"Lance Parrish",327,0.256880733944954,0.0672782874617737,0.630952380952381,0.18960244648318,0.116207951070336,10,4273,0.262813011935408,0.302857142857143,0.51380231522707,0.16381933068102,0.0781652234963726,"A","E","Det.","C",483,48,6,800,"N","Phi."
"Larry Parrish",464,0.275862068965517,0.0603448275862069,0.5234375,0.202586206896552,0.112068965517241,13,5829,0.266254932235375,0.25,0.47680412371134,0.144107050952136,0.0775433178932922,"A","W","Tex.","DH",0,0,0,588,"A","Tex."
"Larry Sheets",338,0.272189349112426,0.0532544378698225,0.456521739130435,0.177514792899408,0.0621301775147929,3,682,0.271260997067449,0.321428571428571,0.475675675675676,0.164222873900293,0.0733137829912024,"A","E","Bal.","DH",0,0,0,145,"A","Bal."
"Lou Whitaker",584,0.268835616438356,0.0342465753424658,0.605095541401274,0.125,0.107876712328767,10,4704,0.280612244897959,0.17816091954023,0.548484848484848,0.110969387755102,0.122448979591837,"A","E","Det.","2B",276,421,11,420,"A","Det."
"Mike Aldrete",216,0.25,0.00925925925925926,0.5,0.115740740740741,0.152777777777778,1,216,0.25,0.08,0.5,0.115740740740741,0.152777777777778,"N","W","S.F.","1O",317,36,1,75,"N","S.F."
"Marty Barrett",625,0.2864,0.0064,0.525139664804469,0.096,0.104,5,1696,0.280660377358491,0.0736196319018405,0.453781512605042,0.0961084905660377,0.097877358490566,"A","E","Bos.","2B",303,450,14,575,"A","Bos."
"Mike Davis",489,0.267893660531697,0.0388548057259714,0.587786259541985,0.112474437627812,0.0695296523517382,7,2051,0.267674305216967,0.23574144486692,0.546448087431694,0.128230131643101,0.0745977571916139,"A","W","Oak.","RF",310,9,9,780,"A","Oak."
"Mike Diaz",209,0.267942583732057,0.0574162679425837,0.392857142857143,0.172248803827751,0.0909090909090909,2,216,0.268518518518519,0.324324324324324,0.413793103448276,0.171296296296296,0.087962962962963,"N","E","Pit.","O1",201,6,3,90,"N","Pit."
"Mariano Duncan",407,0.228501228501229,0.0196560196560197,0.505376344086022,0.0737100737100737,0.0737100737100737,2,969,0.237358101135191,0.202898550724638,0.526086956521739,0.0712074303405573,0.0701754385964912,"N","W","L.A.","SS",172,317,25,150,"N","L.A."
"Mike Easler",490,0.302040816326531,0.0285714285714286,0.432432432432432,0.159183673469388,0.1,13,3400,0.294117647058824,0.230142566191446,0.445,0.144411764705882,0.0885294117647059,"A","E","N.Y.","DH",0,0,0,700,"N","Phi."
"Mel Hall",442,0.296380090497738,0.0407239819004525,0.519083969465649,0.17420814479638,0.0746606334841629,6,1416,0.281073446327684,0.231527093596059,0.527638190954774,0.143361581920904,0.096045197740113,"A","E","Cle.","LF",233,7,7,550,"A","Cle."
"Mike Heath",288,0.225694444444444,0.0277777777777778,0.461538461538462,0.125,0.09375,9,2815,0.247957371225577,0.169230769230769,0.451289398280802,0.115452930728242,0.0671403197158082,"N","E","St.L.","C",259,30,10,650,"A","Det."
"Mike Kingery",209,0.258373205741627,0.0143540669856459,0.462962962962963,0.0669856459330144,0.0574162679425837,1,209,0.258373205741627,0.214285714285714,0.462962962962963,0.0669856459330144,0.0574162679425837,"A","W","K.C.","OF",102,6,3,68,"A","Sea."
"Mike LaValliere",303,0.234323432343234,0.0099009900990099,0.253521126760563,0.099009900990099,0.118811881188119,3,344,0.22093023255814,0.0833333333333333,0.263157894736842,0.104651162790698,0.130813953488372,"N","E","St.L.","C",468,47,6,100,"N","Pit."
"Mike Marshall",330,0.233333333333333,0.0575757575757576,0.61038961038961,0.160606060606061,0.0818181818181818,6,1928,0.267634854771784,0.3125,0.478682170542636,0.149377593360996,0.08350622406639,"N","W","L.A.","RF",149,8,6,670,"N","L.A."
"Mike Pagliarulo",504,0.238095238095238,0.0555555555555556,0.591666666666667,0.140873015873016,0.107142857142857,3,1085,0.238709677419355,0.323353293413174,0.579150579150579,0.153917050691244,0.105069124423963,"A","E","N.Y.","3B",103,283,19,175,"A","N.Y."
"Mark Salas",258,0.232558139534884,0.0310077519379845,0.466666666666667,0.127906976744186,0.0697674418604651,3,638,0.266457680250784,0.226666666666667,0.470588235294118,0.117554858934169,0.0564263322884013,"A","W","Min.","C",358,32,8,137,"A","Min."
"Mike Schmidt",20,0.05,0,0,0,0,2,41,0.219512195121951,0.285714285714286,0.666666666666667,0.170731707317073,0.0975609756097561,"N","E","Phi.","3B",78,220,6,2127,"N","Phi."
"Mike Scioscia",374,0.251336898395722,0.0133689839572193,0.382978723404255,0.0695187165775401,0.165775401069519,7,1968,0.263719512195122,0.130653266331658,0.348747591522158,0.101117886178862,0.146341463414634,"N","W","L.A.","C",756,64,15,875,"N","L.A."
"Mickey Tettleton",211,0.203791469194313,0.0473933649289099,0.604651162790698,0.165876777251185,0.184834123222749,3,498,0.232931726907631,0.254545454545455,0.508620689655172,0.110441767068273,0.156626506024096,"A","W","Oak.","C",463,32,8,120,"A","Oak."
"Milt Thompson",299,0.250836120401338,0.020066889632107,0.506666666666667,0.0769230769230769,0.0869565217391304,3,580,0.275862068965517,0.242424242424242,0.44375,0.0568965517241379,0.0758620689655172,"N","E","Phi.","CF",212,1,2,140,"N","Phi."
"Mitch Webster",576,0.289930555555556,0.0138888888888889,0.532934131736527,0.0850694444444444,0.0989583333333333,4,822,0.282238442822384,0.228915662650602,0.568965517241379,0.100973236009732,0.0961070559610706,"N","E","Mon.","CF",325,12,8,210,"N","Mon."
"Mookie Wilson",381,0.288713910761155,0.0236220472440945,0.554545454545455,0.118110236220472,0.083989501312336,7,3015,0.276616915422886,0.160642570281124,0.540767386091127,0.0825870646766169,0.0557213930348259,"N","E","N.Y.","OF",228,7,5,800,"N","N.Y."
"Marvell Wynne",288,0.263888888888889,0.0243055555555556,0.447368421052632,0.128472222222222,0.0520833333333333,4,1644,0.248175182481752,0.133333333333333,0.485294117647059,0.072992700729927,0.0687347931873479,"N","W","S.D.","OF",203,3,3,240,"N","S.D."
"Mike Young",369,0.252032520325203,0.024390243902439,0.462365591397849,0.113821138211382,0.132791327913279,5,1258,0.256756756756757,0.305084745762712,0.560371517027864,0.140699523052464,0.124801271860095,"A","E","Bal.","LF",149,1,6,350,"A","Bal."
"Ozzie Guillen",547,0.250457038391225,0.0036563071297989,0.423357664233577,0.0859232175502742,0.0219378427787934,2,1038,0.261078998073218,0.0375,0.476014760147601,0.0770712909441233,0.023121387283237,"A","W","Chi.","SS",261,459,22,175,"A","Chi."
"Oddibe McDowell",572,0.265734265734266,0.0314685314685315,0.690789473684211,0.0856643356643357,0.113636363636364,2,978,0.254601226993865,0.395604395604396,0.674698795180723,0.0930470347648262,0.103271983640082,"A","W","Tex.","CF",325,13,3,200,"A","Tex."
"Ozzie Smith",514,0.280155642023346,0,0.465277777777778,0.105058365758755,0.153696498054475,9,4739,0.246676514032496,0.0347593582887701,0.498716852010265,0.0789196032918337,0.111415910529648,"N","E","St.L.","SS",229,453,15,1940,"N","St.L."
"Ozzie Virgil",359,0.222841225626741,0.0417827298050139,0.5625,0.133704735376045,0.175487465181058,7,1493,0.24045545880777,0.301980198019802,0.49025069637883,0.135298057602143,0.117213663764233,"N","W","Atl.","C",682,93,13,700,"N","Atl."
"Phil Bradley",526,0.309885931558935,0.0228136882129278,0.539877300613497,0.0950570342205323,0.14638783269962,4,1556,0.302056555269923,0.227544910179641,0.521276595744681,0.1073264781491,0.111825192802057,"A","W","Sea.","LF",250,11,1,750,"A","Sea."
"Phil Garner",313,0.26517571884984,0.0287539936102236,0.518072289156627,0.130990415335463,0.0958466453674121,14,5885,0.262192013593883,0.145658263305322,0.486714193130266,0.121325403568394,0.0909090909090909,"N","W","Hou.","3B",58,141,23,450,"N","Hou."
"Pete Incaviglia",540,0.25,0.0555555555555556,0.607407407407407,0.162962962962963,0.101851851851852,1,540,0.25,0.340909090909091,0.607407407407407,0.162962962962963,0.101851851851852,"A","W","Tex.","RF",157,6,14,172,"A","Tex."
"Paul Molitor",437,0.281464530892448,0.0205949656750572,0.504065040650406,0.125858123569794,0.091533180778032,9,4139,0.290649915438512,0.202564102564103,0.5619285120532,0.0942256583715873,0.0879439478134815,"A","E","Mil.","3B",82,170,15,1260,"A","Mil."
"Pete Rose",237,0.219409282700422,0,0.288461538461538,0.105485232067511,0.126582278481013,24,14053,0.302853483242012,0.121765601217656,0.508693609022556,0.0935031665836476,0.111435280722977,"N","W","Cin.","1B",523,43,6,750,"N","Cin."
"Pat Sheridan",236,0.23728813559322,0.0254237288135593,0.732142857142857,0.0805084745762712,0.0889830508474576,5,1257,0.261734287987271,0.192,0.504559270516717,0.0994431185361973,0.0835322195704057,"A","E","Det.","OF",172,1,4,190,"A","Det."
"Pat Tabler",473,0.325581395348837,0.0126849894291755,0.396103896103896,0.101479915433404,0.0613107822410148,6,1966,0.287894201424212,0.115079365079365,0.441696113074205,0.128179043743642,0.0905391658189217,"A","E","Cle.","1B",846,84,9,580,"A","Cle."
"Rafael Belliard",309,0.233009708737864,0,0.458333333333333,0.100323624595469,0.0841423948220065,5,354,0.231638418079096,0,0.5,0.0903954802259887,0.0734463276836158,"N","E","Pit.","SS",117,269,12,130,"N","Pit."
"Rick Burleson",271,0.284132841328413,0.018450184501845,0.454545454545455,0.107011070110701,0.121771217712177,12,4933,0.275288870869653,0.110344827586207,0.463917525773196,0.088181633894182,0.0816947091019663,"A","W","Cal.","UT",62,90,3,450,"A","Bal."
"Randy Bush",357,0.26890756302521,0.0196078431372549,0.520833333333333,0.126050420168067,0.109243697478992,5,1394,0.246771879483501,0.223958333333333,0.517441860465116,0.137733142037303,0.0975609756097561,"A","W","Min.","LF",167,2,4,300,"A","Min."
"Rick Cerone",216,0.259259259259259,0.0185185185185185,0.392857142857143,0.0833333333333333,0.0694444444444444,12,2796,0.237839771101574,0.141447368421053,0.4,0.108726752503577,0.0708154506437768,"A","E","Mil.","C",391,44,4,250,"A","N.Y."
"Ron Cey",256,0.2734375,0.05078125,0.6,0.140625,0.171875,16,7058,0.261405497308019,0.276595744680851,0.523035230352303,0.159818645508643,0.140266364409181,"N","E","Chi.","3B",41,118,8,1050,"A","Oak."
"Rob Deer",466,0.231759656652361,0.0708154506437768,0.694444444444444,0.184549356223176,0.15450643776824,3,652,0.217791411042945,0.403669724770642,0.71830985915493,0.167177914110429,0.156441717791411,"A","E","Mil.","RF",286,8,8,215,"A","Mil."
"Rick Dempsey",327,0.207951070336391,0.0397553516819572,0.617647058823529,0.0886850152905199,0.137614678899083,18,3949,0.237781716890352,0.205263157894737,0.466453674121406,0.0962268928842745,0.118004558115979,"A","E","Bal.","C",659,53,7,400,"A","Cle."
"Ron Hassey",341,0.32258064516129,0.0263929618768328,0.409090909090909,0.143695014662757,0.134897360703812,9,2331,0.282282282282282,0.15527950310559,0.378419452887538,0.138138138138138,0.117546117546118,"A","E","N.Y.","C",251,9,4,560,"A","Chi."
"Rickey Henderson",608,0.263157894736842,0.0460526315789474,0.8125,0.121710526315789,0.146381578947368,8,4071,0.290346352247605,0.247002398081535,0.72927241962775,0.102431834929993,0.173913043478261,"A","E","N.Y.","CF",426,4,6,1670,"A","N.Y."
"Reggie Jackson",419,0.241050119331742,0.0429594272076372,0.643564356435644,0.138424821002387,0.219570405727924,20,9528,0.26343408900084,0.330319469559976,0.601195219123506,0.17411838790932,0.140848026868178,"A","W","Cal.","DH",0,0,0,488,"A","Oak."
"Ron Kittle",376,0.218085106382979,0.0558510638297872,0.51219512195122,0.159574468085106,0.0930851063829787,5,1770,0.230508474576271,0.384615384615385,0.583333333333333,0.168926553672316,0.0887005649717514,"A","W","Chi.","DH",0,0,0,425,"A","N.Y."
"Ray Knight",486,0.298353909465021,0.0226337448559671,0.351724137931034,0.156378600823045,0.0823045267489712,11,3967,0.277791782203176,0.134808853118712,0.372050816696915,0.125283589614318,0.0715906226367532,"N","E","N.Y.","3B",88,204,16,500,"A","Bal."
"Rick Leach",246,0.308943089430894,0.0203252032520325,0.460526315789474,0.158536585365854,0.0528455284552846,6,912,0.256578947368421,0.125,0.435897435897436,0.105263157894737,0.087719298245614,"A","E","Tor.","DO",44,0,1,250,"A","Tor."
"Rick Manning",205,0.253658536585366,0.0390243902439024,0.596153846153846,0.131707317073171,0.0829268292682927,12,5134,0.257693805999221,0.125842696629213,0.486016628873772,0.0866770549279314,0.0894039735099338,"A","E","Mil.","OF",155,3,2,400,"A","Mil."
"Rance Mulliniks",348,0.258620689655172,0.0316091954022989,0.555555555555556,0.129310344827586,0.123563218390805,10,2288,0.268356643356643,0.157509157509158,0.480456026058632,0.119318181818182,0.11756993006993,"A","E","Tor.","3B",60,176,6,450,"A","Tor."
"Ron Oester",523,0.258126195028681,0.0152963671128107,0.385185185185185,0.0841300191204589,0.0994263862332696,9,3368,0.265736342042755,0.137323943661972,0.42122905027933,0.0843230403800475,0.0878859857482185,"N","W","Cin.","2B",367,475,19,750,"N","Cin."
"Rey Quinones",312,0.217948717948718,0.00641025641025641,0.470588235294118,0.0705128205128205,0.0769230769230769,1,312,0.217948717948718,0.0909090909090909,0.470588235294118,0.0705128205128205,0.0769230769230769,"A","E","Bos.","SS",86,150,15,70,"A","Sea."
"Rafael Ramirez",496,0.23991935483871,0.0161290322580645,0.478991596638655,0.0665322580645161,0.0423387096774194,7,3358,0.262656343061346,0.128571428571429,0.413832199546485,0.083382966051221,0.0491363907087552,"N","W","Atl.","S3",155,371,29,875,"N","Atl."
"Ronn Reynolds",126,0.214285714285714,0.0238095238095238,0.296296296296296,0.0793650793650794,0.0396825396825397,4,239,0.205020920502092,0.230769230769231,0.326530612244898,0.0543933054393305,0.0585774058577406,"N","E","Pit.","LF",190,2,9,190,"N","Pit."
"Ron Roenicke",275,0.247272727272727,0.0181818181818182,0.617647058823529,0.152727272727273,0.221818181818182,6,961,0.247658688865765,0.153846153846154,0.53781512605042,0.108220603537981,0.1789802289282,"N","E","Phi.","OF",181,3,2,191,"N","Phi."
"Ryne Sandberg",627,0.283891547049442,0.0223285486443381,0.382022471910112,0.121212121212121,0.0733652312599681,6,3146,0.286713286713287,0.214492753623188,0.547671840354767,0.109663064208519,0.0769230769230769,"N","E","Chi.","2B",309,492,5,740,"N","Chi."
"Rafael Santana",394,0.218274111675127,0.00253807106598985,0.441860465116279,0.0710659898477157,0.0913705583756345,4,1089,0.245179063360882,0.0422535211267606,0.352059925093633,0.0651974288337925,0.0697887970615243,"N","E","N.Y.","SS",203,369,16,250,"N","N.Y."
"Rick Schu",208,0.274038461538462,0.0384615384615385,0.56140350877193,0.120192307692308,0.0865384615384615,3,653,0.260336906584992,0.314814814814815,0.576470588235294,0.0826952526799387,0.0949464012251149,"N","E","Phi.","3B",42,94,13,140,"N","Phi."
"Ruben Sierra",382,0.264397905759162,0.0418848167539267,0.495049504950495,0.143979057591623,0.0575916230366492,1,382,0.264397905759162,0.290909090909091,0.495049504950495,0.143979057591623,0.0575916230366492,"A","W","Tex.","OF",200,7,6,98,"A","Tex."
"Roy Smalley",459,0.246187363834423,0.0435729847494553,0.52212389380531,0.124183006535948,0.148148148148148,12,5348,0.255983545250561,0.234848484848485,0.52081811541271,0.12341062079282,0.137434554973822,"A","W","Min.","DH",0,0,0,740,"A","Min."
"Robby Thompson",549,0.271402550091075,0.0127504553734062,0.48993288590604,0.0856102003642987,0.0765027322404372,1,549,0.271402550091075,0.148936170212766,0.48993288590604,0.0856102003642987,0.0765027322404372,"N","W","S.F.","2B",255,450,17,140,"N","S.F."
"Rob Wilfong",288,0.21875,0.0104166666666667,0.396825396825397,0.114583333333333,0.0555555555555556,10,2682,0.248695003728561,0.146718146718147,0.472263868065967,0.0965697240865026,0.0760626398210291,"A","W","Cal.","2B",135,257,7,342,"A","Cal."
"Robin Yount",522,0.312260536398467,0.0172413793103448,0.503067484662577,0.0881226053639847,0.118773946360153,13,7037,0.286912036379139,0.185006045949214,0.516592372461615,0.11752167116669,0.0760267159300838,"A","E","Mil.","CF",352,9,1,1000,"A","Mil."
"Steve Balboni",512,0.228515625,0.056640625,0.461538461538462,0.171875,0.083984375,6,1750,0.235428571428571,0.36231884057971,0.495145631067961,0.157714285714286,0.0885714285714286,"A","W","K.C.","1B",1236,98,18,100,"A","K.C."
"Scott Bradley",220,0.3,0.0227272727272727,0.303030303030303,0.127272727272727,0.0590909090909091,3,290,0.275862068965517,0.161290322580645,0.3375,0.106896551724138,0.0517241379310345,"A","W","Sea.","C",281,21,3,90,"A","Sea."
"Sid Bream",522,0.268199233716475,0.0306513409961686,0.521428571428571,0.147509578544061,0.114942528735632,4,730,0.253424657534247,0.207547169811321,0.502702702702703,0.145205479452055,0.117808219178082,"N","E","Pit.","1B",1320,166,17,200,"N","Pit."
"Steve Buechele",461,0.24295010845987,0.0390455531453362,0.482142857142857,0.117136659436009,0.0759219088937093,2,680,0.235294117647059,0.32,0.475,0.110294117647059,0.0720588235294118,"A","W","Tex.","3B",111,226,11,135,"A","Tex."
"Shawon Dunston",581,0.249569707401033,0.0292598967297762,0.455172413793103,0.117039586919105,0.036144578313253,2,831,0.252707581227437,0.244186046511628,0.504761904761905,0.103489771359807,0.0481347773766546,"N","E","Chi.","SS",320,465,32,155,"N","Chi."
"Scott Fletcher",530,0.3,0.00566037735849057,0.515723270440252,0.0943396226415094,0.0886792452830189,6,1619,0.263125386040766,0.0738255033557047,0.511737089201878,0.0920321185917233,0.100679431747993,"A","W","Tex.","SS",196,354,15,475,"A","Tex."
"Steve Garvey",557,0.254937163375224,0.0377019748653501,0.408450704225352,0.145421903052065,0.0412926391382406,18,8759,0.294896677702934,0.208622016936105,0.440572977158343,0.148304600981847,0.0545724397762302,"N","W","S.D.","1B",1160,53,7,1450,"N","S.D."
"Steve Jeltz",439,0.218678815489749,0,0.458333333333333,0.082004555808656,0.148063781321185,4,711,0.208157524613221,0.0178571428571429,0.459459459459459,0.0787623066104079,0.139240506329114,"N","E","Phi.","SS",229,406,22,150,"N","Phi."
"Steve Lombardozzi",453,0.227373068432671,0.0176600441501104,0.514563106796116,0.0728476821192053,0.114790286975717,2,507,0.242603550295858,0.205128205128205,0.51219512195122,0.0769230769230769,0.11439842209073,"A","W","Min.","2B",289,407,6,105,"A","Min."
"Spike Owen",528,0.231060606060606,0.00189393939393939,0.549180327868853,0.0852272727272727,0.0965909090909091,4,1716,0.234848484848485,0.0821917808219178,0.523573200992556,0.0850815850815851,0.0903263403263403,"A","W","Sea.","SS",209,372,17,350,"A","Bos."
"Steve Sax",633,0.33175355450237,0.00947867298578199,0.433333333333333,0.0884676145339652,0.0932069510268562,6,3070,0.284039087947883,0.0826086956521739,0.481651376146789,0.0749185667752443,0.0892508143322476,"N","W","L.A.","2B",367,432,16,90,"N","L.A."
"Tony Bernazard",562,0.300711743772242,0.0302491103202847,0.520710059171598,0.129893238434164,0.0943060498220641,8,3181,0.264382269726501,0.178362573099415,0.535077288941736,0.107513360578434,0.117258723671801,"A","E","Cle.","2B",351,442,17,530,"A","Cle."
"Tom Brookens",281,0.270462633451957,0.0106761565836299,0.552631578947368,0.0889679715302491,0.0711743772241993,8,2658,0.247178329571106,0.16,0.493150684931507,0.112866817155756,0.0673438675696012,"A","E","Det.","UT",106,144,7,342,"A","Det."
"Tom Brunansky",593,0.256323777403035,0.0387858347386172,0.453947368421053,0.126475548060708,0.0893760539629005,6,2765,0.248101265822785,0.346354166666667,0.537900874635568,0.138878842676311,0.116094032549729,"A","W","Min.","RF",315,10,6,940,"A","Min."
"Tony Fernandez",687,0.310043668122271,0.0145560407569141,0.427230046948357,0.0946142649199418,0.0393013100436681,4,1518,0.295125164690382,0.109489051094891,0.4375,0.0902503293807642,0.0586297760210804,"A","E","Tor.","SS",294,445,13,350,"A","Tor."
"Tim Flannery",368,0.279891304347826,0.00815217391304348,0.466019417475728,0.0760869565217391,0.146739130434783,8,1897,0.259884027411703,0.0555555555555556,0.419878296146045,0.0853979968371112,0.10437532946758,"N","W","S.D.","2B",209,246,3,327,"N","S.D."
"Tom Foley",263,0.26615969581749,0.00380228136882129,0.371428571428571,0.0874524714828897,0.114068441064639,4,888,0.247747747747748,0.109756097560976,0.377272727272727,0.0923423423423423,0.0968468468468468,"N","E","Mon.","UT",81,147,4,250,"N","Mon."
"Tony Gwynn",642,0.328660436137072,0.0218068535825545,0.507109004739337,0.0919003115264797,0.0809968847352025,5,2364,0.325719120135364,0.117391304347826,0.457142857142857,0.0972927241962775,0.0816412859560068,"N","W","S.D.","RF",337,19,4,740,"N","S.D."
"Terry Harper",265,0.256603773584906,0.030188679245283,0.382352941176471,0.113207547169811,0.109433962264151,7,1337,0.253552729992521,0.196319018404908,0.398230088495575,0.12191473448018,0.0957367240089753,"N","W","Atl.","OF",92,5,3,425,"A","Det."
"Tommy Herr",559,0.252236135957066,0.0035778175313059,0.340425531914894,0.10912343470483,0.130590339892665,8,3162,0.2764073371284,0.0458452722063037,0.481693363844394,0.110373181530677,0.113535736875395,"N","E","St.L.","2B",352,414,9,925,"N","St.L."
"Tim Hulett",520,0.230769230769231,0.0326923076923077,0.441666666666667,0.0846153846153846,0.0403846153846154,4,927,0.24487594390507,0.275,0.466960352422908,0.0862998921251348,0.0560949298813377,"A","W","Chi.","3B",70,144,11,185,"A","Chi."
"Terry Kennedy",19,0.210526315789474,0.0526315789473684,0.5,0.157894736842105,0.0526315789473684,1,19,0.210526315789474,0.333333333333333,0.5,0.157894736842105,0.0526315789473684,"N","W","S.D.","C",692,70,8,920,"A","Bal."
"Tito Landrum",205,0.209756097560976,0.00975609756097561,0.558139534883721,0.0829268292682927,0.0975609756097561,7,854,0.256440281030445,0.121212121212121,0.479452054794521,0.115925058548009,0.0831381733021077,"N","E","St.L.","OF",131,6,1,287,"N","St.L."
"Tim Laudner",193,0.243523316062176,0.0518134715025907,0.446808510638298,0.150259067357513,0.124352331606218,6,1136,0.225352112676056,0.302158273381295,0.50390625,0.122359154929577,0.0933098591549296,"A","W","Min.","C",299,13,5,245,"A","Min."
"Tom Paciorek",213,0.286384976525822,0.0187793427230047,0.278688524590164,0.103286384976526,0.0140845070422535,17,4061,0.281950258557006,0.169042769857434,0.426200873362445,0.120906180743659,0.0600837232208816,"A","W","Tex.","UT",178,45,4,235,"A","Tex."
"Tony Pena",510,0.288235294117647,0.0196078431372549,0.380952380952381,0.101960784313725,0.103921568627451,7,2872,0.285863509749304,0.185294117647059,0.373934226552984,0.118384401114206,0.0605849582172702,"N","E","Pit.","C",810,99,18,1150,"N","St.L."
"Terry Pendleton",578,0.238754325259516,0.00173010380622837,0.405797101449275,0.102076124567474,0.0588235294117647,3,1399,0.25518227305218,0.0434782608695652,0.417366946778712,0.115082201572552,0.0621872766261615,"N","E","St.L.","3B",133,371,20,160,"N","St.L."
"Tony Phillips",441,0.256235827664399,0.0113378684807256,0.672566371681416,0.117913832199546,0.172335600907029,5,1546,0.256791720569211,0.114093959731544,0.569269521410579,0.0963777490297542,0.123544631306598,"A","W","Oak.","2B",160,290,11,425,"A","Oak."
"Terry Puhl",172,0.244186046511628,0.0174418604651163,0.404761904761905,0.0813953488372093,0.0872093023255814,10,4086,0.281448849730788,0.15702479338843,0.503478260869565,0.0888399412628487,0.0993636808614782,"N","W","Hou.","OF",65,0,0,900,"N","Hou."
"Ted Simmons",127,0.251968503937008,0.031496062992126,0.4375,0.196850393700787,0.094488188976378,19,8396,0.286088613625536,0.179525222551929,0.436303080766028,0.160552644116246,0.0975464506908051,"N","W","Atl.","UT",167,18,6,500,"N","Atl."
"Tim Teufel",279,0.247311827956989,0.014336917562724,0.507246376811594,0.111111111111111,0.114695340501792,4,1359,0.261221486387049,0.209459459459459,0.507042253521127,0.108903605592347,0.11626195732156,"N","E","N.Y.","2B",133,173,9,278,"N","N.Y."
"Tim Wallach",480,0.233333333333333,0.0375,0.446428571428571,0.147916666666667,0.0916666666666667,7,3031,0.254371494556252,0.270935960591133,0.438391699092088,0.133949191685912,0.0788518640712636,"N","E","Mon.","3B",94,270,16,750,"N","Mon."
"Vince Coleman",600,0.231666666666667,0,0.676258992805755,0.0483333333333333,0.1,2,1236,0.25,0.0144927536231884,0.650485436893204,0.0558252427184466,0.0889967637540453,"N","E","St.L.","LF",300,12,9,160,"N","St.L."
"Von Hayes",610,0.304918032786885,0.0311475409836066,0.575268817204301,0.160655737704918,0.121311475409836,6,2728,0.276026392961877,0.188524590163934,0.529880478087649,0.1341642228739,0.104838709677419,"N","E","Phi.","1B",1182,96,13,1300,"N","Phi."
"Vance Law",360,0.225,0.0138888888888889,0.45679012345679,0.122222222222222,0.102777777777778,7,2268,0.249559082892416,0.159533073929961,0.492932862190813,0.11331569664903,0.108465608465608,"N","E","Mon.","2B",170,284,3,525,"N","Mon."
"Wally Backman",387,0.320413436692506,0.00258397932816537,0.540322580645161,0.0697674418604651,0.0930232558139535,7,1775,0.285070422535211,0.048,0.537549407114625,0.0704225352112676,0.109295774647887,"N","E","N.Y.","2B",186,290,17,550,"N","N.Y."
"Wade Boggs",580,0.356896551724138,0.0137931034482759,0.516908212560386,0.122413793103448,0.181034482758621,5,2778,0.352051835853132,0.0993788819875776,0.484662576687117,0.115910727141829,0.150107991360691,"A","E","Bos.","3B",121,267,19,1600,"A","Bos."
"Will Clark",408,0.286764705882353,0.0269607843137255,0.564102564102564,0.100490196078431,0.0833333333333333,1,408,0.286764705882353,0.268292682926829,0.564102564102564,0.100490196078431,0.0833333333333333,"N","W","S.F.","1B",942,72,11,120,"N","S.F."
"Wally Joyner",593,0.290050590219224,0.0370994940978078,0.476744186046512,0.168634064080944,0.0961214165261383,1,593,0.290050590219224,0.22,0.476744186046512,0.168634064080944,0.0961214165261383,"A","W","Cal.","1B",1222,139,15,165,"A","Cal."
"Willie McGee",497,0.255533199195171,0.0140845070422535,0.511811023622047,0.096579476861167,0.0744466800804829,5,2703,0.298187199408065,0.102893890675241,0.470223325062035,0.115057343692194,0.051054384017758,"N","E","St.L.","CF",325,9,3,700,"N","St.L."
"Willie Randolph",492,0.276422764227642,0.0101626016260163,0.558823529411765,0.101626016260163,0.191056910569106,12,5511,0.274178914897478,0.0864745011086474,0.593646591661152,0.0818363273453094,0.158773362366177,"A","E","N.Y.","2B",313,381,20,875,"A","N.Y."
"Wayne Tolleson",475,0.265263157894737,0.00631578947368421,0.484126984126984,0.0905263157894737,0.109473684210526,6,1700,0.254705882352941,0.0752688172043011,0.501154734411085,0.0547058823529412,0.0858823529411765,"A","W","Chi.","3B",37,113,7,385,"A","N.Y."
"Willie Upshaw",573,0.25130890052356,0.0157068062827225,0.590277777777778,0.104712041884817,0.136125654450262,8,3198,0.267979987492183,0.230952380952381,0.548424737456243,0.131332082551595,0.103814884302689,"A","E","Tor.","1B",1314,131,12,960,"A","Tor."
"Willie Wilson",631,0.269413629160063,0.0142630744849445,0.452941176470588,0.0697305863708399,0.0491283676703645,11,4908,0.296862265688672,0.0840336134453782,0.531914893617021,0.0727383863080685,0.0507334963325183,"A","W","K.C.","CF",408,4,3,1000,"A","K.C."
