"Number.of.times.at.bat.in.1986","Hits_percentage_in_1986","Home_run_percentage_in_1986","Run_percentage_in_1986","Runs_batted_in_percentage_in_1986","Walks_percentage_in_1986","number.of.years.in.the.major.leagues","Times_at_bat_per_year","Hits_percentage_career","Home_run_percentage_career","Run_percentage_career","Runs_batted_in_percentage_career","Walks_percentage_career","number.of.put.outs.in.1986","number.of.assists.in.1986","number.of.errors.in.1986","Log_Salary_1987"
-0.601753208812511,-0.167761281209294,-0.350960407894344,-1.96836226582742,-0.132281555800365,0.527871378921526,1.39523337462252,-0.680035316027096,-0.871606896493027,-0.328915800969306,-1.4569509608596,0.0617916681216265,0.40163042375992,1.21917406158576,-0.522195720926841,0.212946082952792,6.16331480403464
0.51156637264424,0.276479049145472,0.535070105222128,0.0429380107875724,0.636518845333416,1.37288378190386,-0.899485302343339,1.56996778921072,0.783751188955894,0.470636601989864,-0.139747992214433,1.41310205236407,1.99206599701871,2.10509535073637,-0.253379584939559,0.818403594483434,6.17378610390194
0.626971451209878,0.67770214748392,0.693413195898215,-0.401377448610315,0.816423472475287,-0.66524720564335,0.769401008177283,1.34344688280648,0.718336927449119,0.83129389115283,0.303311993799841,0.953134243708141,-0.967917701655626,-0.324043667902399,-0.742762806865125,-0.846604562225831,6.21460809842219
-0.561022004612874,0.264927028667392,0.164316732424146,-0.522372151540129,0.132105196665939,-0.207975211919978,-1.10809609115842,-1.0488912613607,-0.326148705986517,0.744396392133492,-0.325459172660739,-0.0578167805892981,-0.357262563547996,1.83717560603356,-0.542873885233556,-0.69524018434317,4.52178857704904
1.29224778647062,0.685105928393862,-1.24461582884135,-0.621379082442302,-1.0331458773977,-1.04525437216463,0.769401008177283,0.497460640521277,-0.24266804236061,-1.58357057614854,-0.737340632925429,-1.29110714048112,-1.53241110834156,-0.0311180803606654,2.08325298171913,2.4834117511927,6.62007320653036
-1.48426263313798,-1.94844009493258,-1.32127487200132,1.12690387706555,-2.13707594828409,0.278253925580666,-1.10809609115842,-1.74301603884225,-2.80209562476485,-0.961894786645315,2.65274506309705,-2.34628692237771,0.503907579611835,-0.767004312477704,0.0567928796611526,-0.241147050695189,4.24849524204936
-0.71715828737815,-0.547201229771134,-1.6331616640357,-1.65942274100675,-1.17100127429478,-1.90428632941468,-0.899485302343339,-1.2650106975729,-2.13164916287099,-2.22785275799733,-1.51677350124214,-1.40022575404259,-2.14311717731676,-0.606252465656021,1.13205742361028,0.0615817050701319,4.60517018598809
-0.547444936546328,-0.366227031345635,-0.561352564474815,-1.7334395021617,-0.690879234138301,-1.87330555246874,-1.10809609115842,-1.25865424356666,-0.446225125753481,-0.217213627026481,-1.61067294496519,-0.565963417579381,-2.14656075669494,-0.527662673876531,1.18030647365928,1.57522548389674,4.31748811353631
-0.0179392819510443,-1.03145711479827,0.812933001670382,0.280001792951587,1.00631564101242,1.45606236315234,1.18662258580744,0.495433687355651,-0.292113983549302,1.01100825410216,1.08667014885535,1.63431927123341,2.12358092670585,-1.03849632044321,-0.81858274265641,-1.30069769587381,7.00306545878646
1.15647710580516,0.451133184535995,0.477779428392144,1.61531800631855,0.12746568154715,0.0182103773898971,0.560790219362205,0.973223887104786,0.754816140003862,-0.193277446895875,0.481299347534479,-0.284170945619028,0.301505179772137,-0.188297663919645,2.24867829617284,2.02931861754472,6.24804287450843
-1.36885755457235,-0.00467931064552686,-0.490606089256274,0.777574566076638,0.0769738927971169,0.766768874798367,0.352179430547127,-0.969223704482474,-0.583755236508201,-1.30901229491926,-1.1242456767536,-0.58324527348073,-0.282921938039241,0.0474717114188241,-0.508410278055699,0.364310460835453,6.24027584517077
0.0974657966145945,0.243328444925389,0.161306601138209,-0.745932309761538,0.523053463907149,0.252232201826292,-0.690874513528261,0.324102803987424,-0.148893038711472,0.0620418078305823,0.268985861293875,0.521484760307458,1.16465524200624,-0.284748772012654,-0.742762806865125,-0.241147050695189,6.30991827822652
-1.11768179534125,-0.357750024932908,-1.6331616640357,-0.0302494655852102,-2.0650131601176,-0.242104466430842,-0.273652935898106,-0.0916092880207579,-0.00182836762454185,-1.78538201072867,1.30213514358128,-2.00630450413462,0.339436637027485,-0.606252465656021,0.222218194114865,-0.392511428577849,6.5510803350434
-1.40958875877198,-1.34428121170504,0.427518926191481,1.62923401030928,0.311208556284153,1.23705239368101,1.18662258580744,-0.663396773782187,-0.314002495916973,-0.813472127935078,-0.568286683882504,-0.873270278108313,-0.646307474706688,-0.752715259426888,-0.508410278055699,-0.0897826728125285,5.48063892334199
1.11574590160552,0.487453282291,0.398495255906592,0.571925972925028,0.163219947387374,0.642099929202553,1.60384416343759,1.54352494054476,0.797495796630599,-0.196965498819322,-0.518609017964456,0.155795277438447,-0.136249395048616,-0.663408677859286,1.18030647365928,0.212946082952792,6.65286302935335
-1.45031996297162,-0.63636096903121,-1.02580317428453,0.176584706772654,-2.16655477818875,-0.559770985207763,-0.482263724713183,-1.82844678068613,-2.09951949662424,0.249021533778355,1.69300933217499,-2.16221544862448,-0.41445362930995,-0.674125467647398,0.40142895143972,1.12113235024876,5.16478597392351
-1.87799760706781,-0.32900385095589,2.00142457384532,-0.0302494655852102,1.23012598881679,0.198798921239687,0.14356864173205,-1.86601342386302,-0.640235020407028,1.10686580068603,-1.60906324021565,-0.16186549137887,-0.545670544978368,-0.316899141376991,-0.66694287107384,-0.997968940108491,4.90527477843843
0.0635231264482302,-1.23918666912754,0.602152874515819,2.65859477506703,-0.246576459532103,1.34187812507037,-1.31670687997349,0.591073872249558,-1.68608165351123,1.57002115605872,3.50398892878445,-0.0559285747845496,1.85576605707522,-0.0382626068860736,-0.756548249736268,-0.54387580646051,4.60517018598809
0.151774068880777,-0.207471254754767,-1.22683028004724,0.0133944423435132,-0.642495812161754,1.05470483502192,-1.31670687997349,0.690234554746923,-0.291696196009114,-1.43294891552048,0.0400866596528359,-0.527910880406926,1.50177659970263,0.251090717392956,-0.66694287107384,-0.997968940108491,4.74493212836325
0.464046634411329,-0.522387994111812,0.322738557196879,0.133791429733096,0.145441121864865,1.32720252267586,-0.273652935898106,-0.113221231641978,-0.363737225866047,0.81347256760134,-0.0807621486557605,0.383653980286804,0.880176559395553,0.811936049637495,-0.439483063699985,-0.846604562225831,6.39692965521615
1.52984647763517,0.142229704645555,0.0180037055580982,-0.653214294234492,0.94346177675188,-0.932023638632301,2.22967652988283,1.01059983666148,1.25097223105042,-0.484798685501457,-1.14971203941565,0.284774761841098,-1.42154074925026,2.77310858086203,0.263574522728293,0.818403594483434,6.65544035036765
1.24472804823771,0.472312363928037,-1.23998240320871,0.582639523671529,-1.00662308480682,0.417340175242441,-0.273652935898106,0.866943976120431,0.605854357620474,-1.24961250740714,1.12543724858698,-1.37620523245433,0.6675484748893,0.511865935570353,-0.756548249736268,-0.846604562225831,6.63987583382654
-0.540656402513055,-1.15977524996563,-0.920827632846059,-0.616751844736963,-1.8181313858435,-0.827574505446508,-0.0650421470830281,-0.455016844206154,-0.358919432665538,-0.856398289032647,1.13749630828894,-1.91785634353356,-0.0619212333613493,-0.24545387612291,-0.797904578349696,-0.846604562225831,6.56244409369372
0.477623702477875,0.299948660369924,-0.41588199048378,-1.09969437227277,-0.196821654264505,-0.427863294487041,0.560790219362205,-0.781157418617815,-0.154915625089928,-0.102437081323761,-1.17221495590227,0.68708551264281,-0.719445881261499,1.57640038785617,-0.246486863503987,0.667039216600774,6.62007320653036
0.993552289006613,0.431194319770357,-1.00371741102085,0.971263368989713,-1.51460365591112,1.09671551634171,-0.482263724713183,0.961782269893551,0.483021879113082,-0.224578605528205,0.622620744038473,-1.20985532019161,1.14043691864702,-0.102563345614747,1.44912260964657,1.12113235024876,6.4377516497364
0.742376529775517,0.141167401873303,0.616314223931594,1.46288189545076,1.53986217806356,1.77957152981892,1.39523337462252,0.274522462738741,0.123128463677012,0.348906382602007,0.632034802535217,0.713135870560651,1.65718828931946,-0.0847020293012265,-0.784119135478553,-0.846604562225831,6.80239476332431
0.104254330647867,-0.148637045739711,-0.806922191104517,0.0578465707894362,-1.03158464925838,-1.20081884732074,-0.899485302343339,-1.05651900616819,-0.449777785598653,-0.246353324576783,0.442834966391825,-1.24141510653318,-1.28010520152597,-0.231164823072093,-0.77033369260741,-0.69524018434317,4.70048036579242
1.21757391210462,0.798936565348889,0.0493151128907804,-0.0868826318260538,0.297379874339065,-0.14501464034805,-0.482263724713183,-0.0481311426180674,0.497411707775714,0.182336456692086,-0.210016135245454,0.257336469134,-0.378444673732446,-0.64911962480847,1.19409191653043,2.4834117511927,6.41836493593621
-1.3552804865058,-0.695854752926248,0.0638694102690371,-0.32150574910955,-0.0826977372696846,-1.04765525304755,-0.0650421470830281,-1.13279645424308,-1.15820766178349,0.102660780173428,-1.14971203941565,-0.530956726887328,-1.34087025147686,0.458281986629792,-0.501517556620127,-0.54387580646051,5.7037824746562
-0.167287030683047,0.534643686209258,-0.110759117166015,-1.37662285168829,0.843708216454482,-0.554720833460284,1.39523337462252,0.822630411048349,1.8648135867919,-0.156285168512212,-0.63152315875352,0.350076375981071,-0.0984716717032359,-0.78129336552852,0.353179901390721,2.33204737331004,6.74523634948436
-0.920814308376336,-1.20427581457061,-0.556686728842398,-0.981686658431387,-0.840804900825775,-1.11683287311439,-1.10809609115842,-1.22432939193296,-1.68200262721151,-0.263435216244201,-0.81572644557793,-1.086299823966,-1.31073418614457,0.540444041671986,-0.4119121779577,-0.392511428577849,4.49980967033027
-1.51141676927108,-1.12204771729304,-1.3143823462105,-1.30656765111057,-0.251774482710848,1.94641564691274,-1.10809609115842,-1.67436633557484,-1.99112952549418,-0.656318724594828,-1.26297671906497,0.215123368487058,2.94897266920775,0.126061503198314,-0.61869382102484,-0.54387580646051,4.21950770517611
-1.26702954407325,-1.57507195657124,0.228098223911431,1.83125808563557,-0.989133633068553,-1.46826303021394,-0.690874513528261,-1.23577100914419,-1.35811383287137,2.56946165975768,0.450151560630917,-0.263224187963353,-1.46969396975609,0.0581885012069363,-0.646264706767126,-1.14933331799115,5.19295685089021
-1.01585378484216,0.161734404794622,-1.17883838430058,-0.869752871037719,-0.605627523060412,-0.373896239919315,-0.273652935898106,-1.28916522279662,-1.11852944564307,-0.182843727351765,-0.544993834508295,-0.0283097374459082,0.682278345405511,0.243946190867548,-0.611801099589269,-0.69524018434317,5.72031177660741
0.0838887285480488,1.70708804670128,-0.662264078255588,-0.678956642525785,-0.206017717456801,-0.550569026014039,-0.899485302343339,-0.189498679716874,1.2686958471268,0.0320391578046168,-1.08955314363122,0.364228011544712,-0.282443350321373,-0.777721102265816,0.40142895143972,1.42386110601408,5.37063802812766
-1.34849195247253,0.483706577469958,0.618508834554001,0.887803966108469,0.786361183235633,-1.40940358822632,-0.482263724713183,-1.40586971835121,-0.371728734714385,1.17958552003427,1.34565043410831,0.725725688187725,-0.831626554889575,-0.831305051206377,-0.791011856914124,-0.69524018434317,5.51342874616498
0.830627472208064,0.468679055254542,-0.20713935444883,-0.160583327618933,0.190098333798907,1.39790209770949,-0.273652935898106,0.807193308461763,0.304099616720433,0.337377868163335,-0.112904587241157,0.343406416542368,0.413937203342299,0.0438994481561201,-0.756548249736268,0.0615817050701319,6.70318811324086
0.362218623912236,-1.29383606713058,0.134424312701838,-0.830963934812191,0.313811386365076,-1.3066666956947,2.02106574106775,0.366728436735159,0.344345795225969,1.04912545034377,0.825529105685441,0.981708068737552,-0.0108735533086509,0.35111408874867,-0.549766606669127,-0.69524018434317,6.77422388635761
-1.28739514617307,-0.463154261990493,-1.09391814509775,0.598058114596227,0.25315436385618,0.131895280917374,-1.10809609115842,-1.69724956999731,-0.0729711422856993,-1.51575139911182,0.510863348663283,0.727533130027374,0.722650151253963,-0.64911962480847,-0.77033369260741,-0.846604562225831,4.24849524204936
1.2718821843708,0.677383231903028,0.221799544087583,-0.256782130548586,-0.101390658827927,-0.873914350169814,0.352179430547127,1.23604207208284,1.22459692229264,0.0589665259547142,-0.202951040816753,0.237536050925729,-0.718755891027482,-0.799154681842041,0.19464730837258,-0.69524018434317,7.09007683577609
-0.00436221388449852,-0.371014942329074,0.0849243863770363,-0.548358828026197,0.149526664896793,-0.127575740496088,0.97801179699236,0.71438907997064,0.618310791546326,0.611998907468005,0.266294609944043,0.34854226743362,0.204651519787792,0.090338870571273,-0.777226414042982,-0.54387580646051,6.51471269087253
0.00921485418204722,-0.332638949146635,0.931240848247016,-0.21680577790799,2.17947999976014,-1.27653923055264,-0.273652935898106,-1.35145847205778,-0.827017246231915,0.166459057385832,-0.907002011595693,0.840874573422116,-0.834372872734184,-0.463361935147858,-0.749655528300696,-0.846604562225831,6.0282785202307
-1.08373912517488,-0.773483992434837,0.495082224231717,-0.194290360903516,-0.603119663071509,1.00385810270501,-0.690874513528261,-0.0134249037439898,-0.562516150842721,0.891071629523561,-0.110602140530799,0.49559894383005,1.49515547230331,-0.531234937139235,-0.722084642558411,-0.997968940108491,5.82894561761021
-0.615330276879057,-0.415235812828983,-0.527109462252422,-0.88410335660101,0.135972582199174,-1.54429242124426,0.97801179699236,-0.180599644108136,-0.173070294878544,-0.985557552464979,-0.982389217206438,-0.995945646041024,-1.48999357494102,-0.659836414596582,0.60131787307129,-0.241147050695189,6.0330862217988
1.51626940956862,0.616078196601913,0.667438675930851,0.480408914755958,0.0892456829239405,0.232898792611196,-0.273652935898106,1.52165873876329,1.09461344804871,0.982638114266154,0.863271344858845,0.895761032632344,0.0663400474117045,-0.181153137394236,2.50370898928898,0.667039216600774,7.20785987143248
0.0838887285480488,0.283829139097933,1.69563005863898,0.0960475069164949,1.03939198344279,-1.54131329920497,-1.31670687997349,0.613957106672027,0.372306798333803,1.73514610884377,0.148321236211449,1.47709664017801,-1.69825307753285,-0.313326878114287,-0.336092242166415,0.212946082952792,4.49980967033027
-1.68791865413617,0.665136873596759,0.600350201500858,-0.246485191232068,0.586625295406071,-0.127575740496088,1.81245495225267,0.602038755410325,-0.689700587463526,-0.538631985330949,-0.92443039384633,-0.566687248328874,0.654149998748051,-0.849166367519898,-0.21202325632613,-0.846604562225831,5.61677109766657
-1.13804739744107,-0.786471716486028,-1.6331616640357,-0.200148964307742,-1.61079764279355,-1.34375711312503,-0.690874513528261,-0.432950868155916,-0.869361813680531,-2.04982741827596,-0.893817763170905,-1.87247536045737,-1.31992365898132,-0.591963412605204,0.55306882302229,0.667039216600774,5.4380793089232
-1.27381807810652,-0.534614092369877,-1.36603640233959,0.777574566076638,-1.45834636113917,-0.00447250941860098,-0.690874513528261,-0.793361810309798,-1.516709557157,-0.74172818293192,0.754213289927589,-1.34394512267326,0.831464911514786,-0.777721102265816,0.229110915550437,0.364310460835453,5.41610040220442
1.23115098017116,-0.776540362824092,1.42439517753215,1.57829542879502,0.90516449345695,0.0956811600281515,2.02106574106775,0.826636579539677,-0.00584823200088064,0.816244654032329,0.925854643159074,1.1799059779044,0.0315134905802839,-1.03849632044321,-0.81858274265641,-1.30069769587381,6.85646198459459
-1.38922315667216,0.118579030545204,-0.18343662568492,0.418541663115816,-0.393455006612293,0.0846436043587468,-0.899485302343339,-1.25229778956042,-1.2353254398463,0.0508715904362998,-0.328543111958122,-1.2418217407849,-0.580139808507123,-0.495512304512195,-0.797904578349696,-0.54387580646051,4.31748811353631
0.7966848020417,0.312440970860038,0.581773327379313,-0.298259942443288,1.01871483581749,-0.379758762362402,-0.690874513528261,-1.00503172871763,-0.474260496678915,0.205736351980333,-0.229781836410243,0.257750830858142,0.0124794309302111,-0.656264151333878,0.849455844751859,2.18068299542738,4.65396035015752
-0.628907344945602,-0.0646994849166272,-1.07657912519621,0.145942607164082,-0.75844301726098,-0.446940960367248,2.02106574106775,1.14116888013086,0.156948751400931,-0.974429023985434,-0.861654915102791,-0.241242546210846,-0.347297295996167,-0.491940041249491,0.718494137476003,0.212946082952792,5.76832099579377
0.735587995742244,-0.207756996751906,1.29686855019358,0.223951311129417,1.59982634884761,-0.0114875832483841,1.39523337462252,0.354068944302561,-0.064292989546348,0.861706021167285,0.103334219696845,1.06194590426921,0.215154691573326,-0.613396992181429,0.670245087427003,0.515674838718113,6.74523634948436
0.70164532557588,-0.682296678074108,1.66717884733407,1.29552367198733,1.0856956774506,1.87772576121864,2.22967652988283,0.729644569585619,-0.502225866312535,1.20408017996478,1.27236034743551,0.938808898218201,2.466230026199,1.84789239582168,-0.0741688276147032,-0.997968940108491,6.28226674689601
0.850993074307883,-0.110537198348622,1.20270878905577,1.18509001432779,1.49270698894037,1.97173611517427,1.60384416343759,0.828042477602234,0.218295761668048,1.26587108496466,1.30562509169372,0.754652409605267,1.58952768420864,-0.0382626068860736,-0.749655528300696,-0.54387580646051,6.83840520084734
0.138197000814232,0.565088843778238,-0.816665581115498,-0.230131228788188,-0.446875253951535,-1.73044539131245,0.352179430547127,0.535137076994635,0.998243884425956,-1.01657071231833,-0.755559616926642,-1.09908392990044,-1.93090761206385,-0.238309349597501,1.152735587917,-0.0897826728125285,6.74523634948436
-0.357365983614688,0.430871482378591,-0.975622558322186,0.607311539930269,-1.11701185052225,0.220009853134465,-0.690874513528261,-0.160258991288164,0.750066545719994,-0.570598686409237,0.671186139082537,-0.944763783311194,-0.0682323573768344,-0.231164823072093,-0.77033369260741,-0.846604562225831,5.34710753071747
-0.106190224383592,0.0915385975931953,0.597471964560734,0.662544606875598,-0.11935260940451,-0.0368720256633731,-0.273652935898106,0.204601468670087,-0.31607106087373,1.09875213022695,0.151301172772421,0.247084161341183,-0.290821056941045,-0.388344406631072,-0.756548249736268,-0.69524018434317,5.78382518232974
-0.438828392013962,0.643787027699991,-0.952346837765955,-1.12043791572145,-1.04125044754389,-0.828898885166585,-0.690874513528261,-0.530204614451408,0.411128249927429,-1.06739128425798,-0.962239466202994,-0.510469401613889,-1.30286973049864,-0.66698094112199,0.649566923120289,0.0615817050701319,5.61677109766657
-1.00906525080888,0.373425417079157,-0.0492659946846123,1.87262492010714,0.298251112417251,1.61444146993468,1.60384416343759,0.650061765427478,0.0167066149493839,0.658031696433419,1.39686800965338,-0.66994114869689,1.03533136112056,-0.856310894045306,-0.446375785135557,-0.0897826728125285,6.10924758276437
1.85569611123227,2.77417262299971,1.00889262299117,-0.110202170866402,1.06652609435604,-0.575791727555871,-0.482263724713183,0.832110608166229,2.89502452531213,0.414558269488051,-0.346716176230213,1.92553777869083,-0.548832636974403,3.88051019230029,-0.129310599099274,-0.392511428577849,7.58832367733522
1.42801846713608,0.0918002071103062,1.09203807418005,0.407528383883889,0.244479830702483,0.48763377722053,0.769401008177283,0.919760330317745,0.583928597396175,1.45913432645125,1.05111534541289,1.4146408817589,0.827630988075453,0.0438994481561201,-0.777226414042982,-0.392511428577849,7.54960916515453
-0.506713732346691,-0.319308414292126,-0.0547680204574341,0.944113924678947,-0.186522702381929,1.6528759970902,0.352179430547127,0.68514939154193,-0.637874189815043,0.901077455287484,1.31032989516176,0.614449596446063,2.10972759831934,-0.0525516599368898,-0.777226414042982,-0.997968940108491,6.39692965521615
1.58415474990135,0.331220144614265,1.17479870066947,0.0791111312936605,1.46003546405276,-0.342429472822666,1.39523337462252,1.1059466467551,1.60388014139885,0.346918120607915,-0.226358672709283,1.37253821671093,-0.6486188027669,-0.0454071334114817,-0.756548249736268,0.0615817050701319,6.94889722231331
-0.839351899977061,0.94516297736776,1.66392728032779,0.317837312285343,0.905955229774982,1.59576604649539,-1.10809609115842,-0.926847344440865,0.0515549588612427,1.84129786420558,0.479094194479359,1.40563801071998,1.55127667264406,-0.509801357563011,-0.791011856914124,-0.997968940108491,4.70048036579242
-1.68791865413617,0.0620037270130662,2.83386206703742,0.0857794603716407,1.58938097716265,0.967318879440154,1.81245495225267,0.0194697457383089,-0.649809886132329,0.333942938067807,0.69993911928205,0.950900461587832,1.98673487952464,-0.449072882097042,-0.756548249736268,-1.14933331799115,5.56068163101553
0.369007157945509,-0.424365651745837,0.00458448190904615,0.804344563227226,-0.0333462851268356,0.0670873703472234,-0.690874513528261,0.0151791392840961,-1.77113690561268,0.365817232089728,0.442834966391825,-0.831407145971428,-0.146961194053229,-0.159719557818012,1.86268589578085,1.42386110601408,6.16331480403464
-0.608541742845784,0.0562413084151325,0.755652778138485,-0.316826933309962,0.537658457443435,-1.23841059147781,-0.482263724713183,-0.336459896341173,0.639061323544539,-0.221428803401682,-1.447556197012,-0.275012804699869,-1.28881642094408,0.865519998578056,-0.542873885233556,-0.69524018434317,6.06842558824411
0.484412236511148,-0.111529318670663,1.64657418062062,1.09136348533101,1.8145612004343,1.20111592610323,-0.690874513528261,0.892369792145396,-0.108388649769505,1.35964330076116,1.47749947898936,2.20704790080706,1.56076664674667,-0.231164823072093,-0.749655528300696,-0.392511428577849,7.1066061377273
-0.588176140745965,-0.513224205638259,-0.359050005724889,-0.518165974737095,-0.397150783541235,-0.02642504329603,-1.31670687997349,-0.14118962926944,-0.704927851135144,0.0508715904362998,-0.655994205046845,-0.235430829830514,0.169101896875981,-0.87774447362153,0.0223292724832958,2.63477612907536,4.24849524204936
0.728799461708971,0.234720916413092,1.18968845956318,0.452363603249807,1.60933143267053,0.420330708954813,-0.899485302343339,-1.05397642456569,0.599413318811825,0.672341867281836,0.362785816877025,2.09303589996994,0.736499004325748,-0.477650988198674,-0.77033369260741,-0.0897826728125285,4.97673374242057
-0.146921428583229,1.52668046954572,0.330418793667688,-0.469989344631762,0.675875801112154,-0.188994660836566,0.97801179699236,-1.20335309371236,0.660649299932022,-0.638946324565719,-0.226814649680496,0.611454181702816,0.332766913308585,-0.827732787943673,0.256681801292722,0.0615817050701319,6.38856140554563
1.09538029950571,-0.0180581950998138,0.817771710535391,0.998331283437684,1.51099447106663,0.830284028145985,1.39523337462252,1.41105643905469,0.971065041487607,0.588236894645528,0.542189308298427,1.58447933019726,0.396320001947813,0.00460455226637529,-0.756548249736268,-0.54387580646051,7.52886925664225
0.0771001945147759,0.4544036055133,2.12075285695647,3.23773045766905,1.1745864582031,1.49874793765361,-0.899485302343339,-0.751409213868605,-0.168637973800336,2.08065966551164,4.31653989148606,1.52355797102127,1.31351946924687,-0.059696186462298,-0.804797299785267,-0.241147050695189,5.7037824746562
0.138197000814232,-0.0963661400930297,0.40807854326481,1.26716488829594,-0.385779683718724,-0.415317588053457,-0.0650421470830281,-0.238170956107522,-0.311468940865709,0.260409461556634,1.42581017981601,-1.12233827952211,0.772191418653329,0.00460455226637529,-0.777226414042982,-0.846604562225831,6.19440539110467
0.620182917176605,1.32513105756881,0.348422095455489,-0.943881207060015,1.1386473626357,1.34650316340076,0.560790219362205,1.7306589464885,1.50553521281798,0.859089093329017,0.313149531874037,1.92830673054162,0.919825842017946,2.69451878908254,-0.21202325632613,0.667039216600774,7.80791662892641
-1.15841299954089,-1.62745936456186,-1.13789079256479,3.17356965318253,-0.700172768307307,-0.600844107789191,0.14356864173205,-1.27200279697977,-0.585651002877181,-1.5741203629549,-0.091226640311938,-0.854282129894018,-0.501152974254942,-0.674125467647398,0.0912564868390093,0.212946082952792,5.92692602597041
1.10216883353898,0.297857913898562,0.609557847589643,-0.0920311014843126,0.587215846455397,-0.631912611112858,1.39523337462252,0.764332647162536,-0.138408801866744,-0.0740801054374061,-0.398787963029324,-0.136720134223924,-1.37792279081984,0.090338870571273,2.20732196755942,0.212946082952792,6.62007320653036
1.61130888603444,1.44485034338722,1.15727632709877,0.0658553013689486,1.107296927353,-0.923064142767573,-0.482263724713183,0.688709005785425,0.999197496495646,1.058082039117,-0.180463469301845,0.982077312180985,-1.20533581016325,-0.0775575027758183,-0.701406478251697,0.212946082952792,7.06902342657826
-1.2806066121398,-0.7889283092523,-0.559690844940612,-1.24286549568328,-1.08852082411752,-1.23338293139515,-1.31670687997349,-0.919219599633376,-1.07754784623989,0.304063184706703,-1.60499163408447,-1.05962500882703,-1.31867702506936,-0.624113781969541,-0.784119135478553,0.515674838718113,4.24849524204936
0.253602079379871,0.863901841027213,0.460228141909373,0.415736718561435,1.03077860569281,1.9242432994557,1.39523337462252,1.07761502318443,2.15057104228937,0.0400205221104254,0.128638008464083,1.21269113645955,0.263941067809994,-0.691986783960919,0.684030530298146,1.12113235024876,7.3132203870903
-0.533867868479782,-0.89373033603494,1.20740727264669,-0.656194987194537,0.887451999933044,0.286318489457832,-0.482263724713183,-0.261707997227775,-1.25197412350677,1.4659698159476,0.675107799378862,0.845666376512631,1.39892364742476,1.55496680827994,-0.218915977761702,-0.846604562225831,5.95324333428778
0.586240247010241,-0.231356953127982,1.19291457399015,1.37787757982713,2.29369746792025,0.593841705875896,1.18662258580744,0.998278095049386,0.365911446512478,0.862909496384621,0.164598641812725,1.44326722016965,0.504091843787859,2.06580045484662,-0.391234013650986,-0.0897826728125285,7.56320059235807
1.15647710580516,0.0711102669730982,1.48298947240541,0.90866881682878,1.30084123249924,0.229395875262119,-0.899485302343339,-0.0547418547845584,0.0490574526616755,1.26267875838945,0.845488855945352,1.77877947126663,0.0346295155933346,3.43754954772499,-0.0534906633079892,0.364310460835453,5.37063802812766
1.30582485453717,0.759924577282452,1.65839525189765,0.27576834497935,1.43683648866277,-0.358521873176792,-0.273652935898106,1.07924953992889,-0.354910946336807,0.812340574700905,-0.0684077488074974,0.681794620681404,-0.508671196004506,-0.616969255444133,1.48358621682442,1.87795423966206,6.80239476332431
0.464046634411329,-0.390346132924704,-0.166236498111267,0.292271616735528,-0.293618569299739,-0.932840246078737,-0.690874513528261,-1.04698432515883,-1.13633898543813,-0.233968953117905,0.549258155324067,-0.529647742674817,-0.96337771389712,-0.224020296546685,1.77997323855399,2.63477612907536,5.04342511691925
-0.818986297877243,0.297857913898562,1.22120862348746,0.77291180110312,1.04489290968352,-0.246405797682505,1.81245495225267,0.701676171958157,0.692604918562687,0.537796755799813,-0.277989112271713,1.17226085366911,-0.462121972160345,-0.524090410613827,-0.777226414042982,-0.54387580646051,6.5510803350434
0.0295804562818658,-1.00136337292779,-1.06748463926746,-0.536333078801262,-0.9715783865392,1.44806042474829,0.352179430547127,0.469029955329725,-0.860058849380718,-0.386144038030424,-0.0746131171092246,-0.490356692979465,0.581607729138771,-0.0311180803606654,2.53817259646684,1.57522548389674,6.28226674689601
-0.520290800413237,-0.0806332658589193,-1.10381252159202,-1.42942180800606,0.228352240915061,-0.99095922192244,0.14356864173205,-0.518762997240174,0.110596005419025,-1.35142031629209,-1.50864940450151,-0.643490221971835,-1.54893584273133,-0.713420363537143,0.456570722924291,0.515674838718113,5.89440283426485
-0.228383836982503,-0.0955715995718625,1.64164965232534,0.0688585753362662,-0.036709317577748,1.45769639261623,1.60384416343759,0.993310281764508,0.820598536483567,0.528091349270568,0.513647556245683,0.576494741684428,1.09220937191909,-0.549096253452756,-0.784119135478553,0.0615817050701319,6.59714570188665
-0.337000381514869,-1.40266706869253,0.97470529760774,-0.339157645080722,0.76744235101472,0.33415342731399,2.64689810751298,0.764986453860321,-0.572679695084152,1.22530489708757,0.476251455734269,0.84401483503715,0.776508738382682,-0.741998469638775,0.380750787133006,1.12113235024876,5.29831736654804
0.918878414640612,-0.14463558232977,-1.09791995228838,1.57829542879502,-0.469771924057337,0.62982552057828,-0.482263724713183,-0.318153308803198,-0.488683344393245,-1.14274592540989,2.09321842263044,-0.996265862641584,1.18038395501617,0.611889306926067,-0.756548249736268,-0.241147050695189,5.99146454710798
-0.432039857980689,-0.481998718925167,0.233572517699511,2.23507718404854,-0.743009076727039,0.877611126966387,-0.482263724713183,-0.246452507612796,-0.622198408849585,1.16599201626552,3.1639853344625,-0.77283149452849,1.46947687012756,-0.37762761684296,-0.763440971171839,-0.69524018434317,5.99146454710798
0.722010927675698,-0.481998718925167,-1.4068908541284,-1.61597812032884,-1.02237156649746,-0.809968045638424,0.769401008177283,1.29768041396155,0.880910760292282,-1.26191950817961,-0.696079101910159,-0.763448455871307,-1.47217145905551,-0.299037825063471,1.64901153127814,1.7265898617794,6.60394382460047
-0.825774831910516,0.438427251122038,1.02672392051286,-0.274207720161153,1.42758883702107,0.0194085929806614,-0.482263724713183,-0.0435544957335735,0.501911516746401,0.742627196210796,-0.443370494141229,1.59859865067614,-0.346690776597236,1.35492006556851,-0.425697620828842,-0.54387580646051,6.21460809842219
-0.160498496649775,1.65977750129618,-0.873963551846741,-0.505968062008298,0.219388017218903,-0.495970734797944,0.14356864173205,0.413728805475426,1.08878129848495,0.273849390641023,-0.10012600799867,0.504820587102603,-0.547358075793443,-0.191869927182349,-0.763440971171839,-1.14933331799115,6.39692965521615
1.22436244613789,0.249966454201821,-0.15116534914629,-0.572207360244425,0.468721373920994,-0.73019631164495,-0.482263724713183,1.03805971796845,0.291675245752304,-0.136618387599379,-1.05532480637456,0.493421121362078,-1.14937800710502,0.143922819511834,-0.680728313944983,-0.69524018434317,6.49677499018586
1.12932296967207,1.05840790192472,0.492593050093392,-0.733975199938891,0.742023105736769,-0.85750548712025,-0.0650421470830281,1.53146583923006,1.01496937245771,0.48030860686437,-0.554993596131647,1.20021316294249,-0.753976935102841,0.0153213420544875,-0.715191921122839,-0.54387580646051,6.85646198459459
-0.662850015111967,2.41014955042278,1.00666445154945,-0.213218156517167,1.65273591130413,-0.49305176909292,-0.0650421470830281,0.659723575516964,0.65162571754544,-0.565653299590837,-1.50245848698529,0.296142163101174,-0.955837979162666,-0.624113781969541,0.711601416040431,0.969767972366095,6.62007320653036
-1.24666394197343,-0.531991038561784,0.989522723526168,0.498326752662666,1.33489373974715,0.942434910805239,-0.482263724713183,-0.751409213868605,-0.441118078026684,0.731529512695696,-0.204577003545953,0.368226504551228,0.380403466025587,-0.85988315730801,0.118827372581295,1.7265898617794,5.6970934865054
-0.852928968043607,-0.334299587528738,-0.180307722724451,-1.79720425229954,0.190452636966272,-0.904016940656425,2.22967652988283,0.485980499346369,1.1285515057973,-0.23815778464076,-0.648702247886609,1.03055797314479,-0.173583492311154,-1.03849632044321,-0.81858274265641,-1.30069769587381,5.78382518232974
0.280756215512962,-1.24817314571556,-1.50350086285287,-0.366616149924768,-1.86017368086513,-0.893826228926589,-0.690874513528261,-1.38069816048649,-2.2766494175354,-1.8603165727661,0.707301894369623,-2.0959717911678,-0.526513793468414,-0.0454071334114817,2.0418966531057,1.12113235024876,4.47733681447821
-1.76938106253544,0.317878395260693,0.384287864858044,-0.396186847449124,2.17724357381015,0.0693084069449942,0.352179430547127,-2.01761485191187,-1.11556056503397,-0.348492470629389,0.354232879106705,1.0427306213202,0.00519161293483114,-0.545523990190052,-0.715191921122839,-1.14933331799115,5.16478597392351
-1.48426263313798,-1.44311232347056,-0.385614495898164,0.683328429049422,-1.71700262214283,-0.11489356343119,-0.899485302343339,-1.22687197353546,-1.02109916944043,-0.0723026986682209,-0.465593374333792,-1.46448542239394,-0.167154857094309,-0.691986783960919,-0.804797299785267,-0.997968940108491,4.49980967033027
1.25830511630426,0.813274839424333,2.28528020532669,1.20102219574514,1.49262384997561,0.36636168203154,-0.273652935898106,0.396566379658574,0.416678334240439,1.65082698401736,1.04412118786129,1.34909535374641,0.211515164134795,0.276096560231885,-0.680728313944983,-0.846604562225831,7.12125245324454
-0.411674255880871,1.17683292507155,-0.623848721883613,-0.353553366066921,-0.538429548702743,0.353521229113547,1.60384416343759,-0.35324093491765,0.514528587355294,-0.333426340059634,-0.178939743175718,-0.648027606807762,-0.608714845265368,-0.284748772012654,-0.432590342264414,0.667039216600774,6.06378520868761
0.233236477280052,-0.852794112516083,-1.36969565249981,1.21677986484425,-1.3647036834764,1.45620039760477,-1.10809609115842,-0.881080875595928,-1.20888192901624,-1.51575139911182,1.85785008525304,-1.39912265605025,1.974667693888,-0.0525516599368898,-0.77033369260741,0.0615817050701319,4.60517018598809
1.33297899067026,-0.701964925326279,1.54028644491416,0.828686889067588,1.79411026218795,0.152665144368545,-1.10809609115842,0.0952704597627365,-0.599366924165637,1.10259052048259,1.02719582089632,2.12301534651341,0.115056755417112,0.101055660359385,-0.791011856914124,0.818403594483434,5.10594547390058
1.76065663476645,1.21944928785266,0.890628138776475,0.350325411553261,1.47040141914628,-1.30362609179584,-0.690874513528261,0.200151950865718,0.690860278706556,0.697536608235033,0.229649900868081,1.09279476700281,-1.44326761698049,-0.177580874131532,-0.763440971171839,-0.392511428577849,5.52146091786225
-1.16520153357416,-0.793301467926741,0.605163804659342,1.09417630777845,-0.689150791081645,2.22873995942828,0.97801179699236,0.240833256505662,0.529579686553243,0.907413366797878,0.963846100619167,1.29736845773047,1.39252674503577,1.18702369222142,-0.577337492411412,-0.846604562225831,7.17011954344963
0.51156637264424,0.471647395117231,-0.428588458892464,-1.35367713984493,0.636518845333416,0.309990257331101,2.02106574106775,0.793433455083546,1.03372868572583,-0.53868209273403,-0.55964895516899,0.620150184996512,0.567975767529652,-0.191869927182349,-0.784119135478553,-0.69524018434317,6.65027904858742
0.84420454027461,-0.390346132924704,0.661687175080934,-0.390642341663308,0.373286491901041,-0.591187775182295,-0.273652935898106,0.798294272853025,-0.367425584204672,0.657738127094865,-1.17756400982122,0.833391049715521,-0.290310962725363,2.12295666704989,-0.0948469919214173,-0.0897826728125285,6.91572344863131
-1.65397598396981,-0.585107878175689,1.25179116228236,-0.396186847449124,1.76172960996456,0.859784586410702,1.39523337462252,-1.39976752250522,-0.321150895818986,0.152904023948253,0.728646045744713,0.244147079291097,1.33734037920515,-0.920611632773979,-0.797904578349696,-1.30069769587381,5.61677109766657
1.32619045663698,1.3394242923428,-0.66990529464737,-0.628147155078709,-0.0570467574076258,-1.17860146080216,-0.482263724713183,1.22722778919419,1.06467267557998,-1.2842092394742,-0.49626196451576,0.411086037968955,-0.945248389237911,-0.213303506758573,1.75929507424728,1.42386110601408,6.65286302935335
0.633759985243151,0.346378376274191,-0.820498896058786,-0.729835636795634,-1.27664406496053,-1.20547573281619,0.769401008177283,0.12508800764656,0.530090953630137,-0.986041123973555,-0.987146411025923,-0.717256780579367,-0.987102998706322,0.0474717114188241,1.57319159548685,0.212946082952792,6.74523634948436
-1.31454928230616,2.20647713708842,1.93868469235808,-0.438008262519286,3.03382666159772,0.758767523261822,1.60384416343759,-0.504778798426443,0.712113202527508,0.164314577479532,-0.248606313710043,-0.113562972281838,1.22821688573056,-1.03849632044321,-0.81858274265641,-1.30069769587381,5.89989735358249
-1.71507279026926,0.280356565952858,-0.104709835522825,1.24606871994015,0.345344126948086,0.576803012159205,-1.10809609115842,-1.46078948096514,-1.12379920872422,0.401444567118397,1.99837979201383,0.536802829898478,0.78417579061768,-0.938472949087499,-0.432590342264414,-0.997968940108491,4.55387689160054
-0.852928968043607,1.4591898651422,-0.802959411857845,-1.13657178284821,0.28363436998322,1.45062539461242,-1.31670687997349,-0.438671676761533,1.96083196804992,-1.02852415355858,-1.46579951750676,0.576144922301314,1.98981538641727,-0.674125467647398,-0.791011856914124,-0.997968940108491,4.70048036579242
-0.425251323947416,0.500646015437569,-0.617928997882721,0.0198261761435361,-0.0666852245262453,-1.05183743265006,0.560790219362205,-0.298321172303725,0.413158129749318,-0.071583222680461,-0.402557655095298,0.814202527390918,-0.619411085078869,-0.47407872493597,-0.791011856914124,-0.54387580646051,4.60517018598809
0.905301346574066,0.349530888140487,0.838120086627811,-1.03346555328016,0.987789812409246,-0.351855830240942,0.560790219362205,-0.466131558068496,0.136473082190218,0.920811939980763,-1.09230391411395,0.305156104042441,-0.95263777717059,-0.709848100274439,0.952846666285429,1.7265898617794,5.62762111369064
-0.03151635001759,-0.214621249991486,-1.1993341713563,0.43614131522174,-1.04986862632449,-0.407865627089147,-0.482263724713183,-1.53706692904003,-0.570285317570712,-1.27838427948332,0.39326488395076,-1.43264366369801,-0.439037251607626,-0.284748772012654,-0.756548249736268,-0.846604562225831,4.38202663467388
-0.642484413012148,1.29884958640422,-0.699519972670636,-1.04241669201731,-0.574602562593591,-0.433822270806503,1.18662258580744,0.150424922216892,1.06169638123679,-0.98372164822035,-0.476085260448676,-0.154341305251827,-0.0261425275823002,-0.463361935147858,-0.797904578349696,-0.846604562225831,6.39692965521615
1.44159553520262,0.0649410637659092,0.895855423970387,0.0573061043086092,1.24237759053747,-1.21434498291889,-0.899485302343339,1.09450502954387,-0.018634176747347,1.03463804923144,-0.264925616160397,1.23321535909189,-1.14233992082573,-0.645547361545766,1.30437545949957,0.969767972366095,5.29831736654804
1.19041977597153,1.18389388050294,-0.935591032456207,-1.12385543437392,0.232456837859922,-0.0451817461510221,-0.273652935898106,1.32206608296731,1.07170353654458,-1.14596582699027,-1.06476352967867,-0.236260454862605,-0.713734750621503,-0.0382626068860736,2.48303082498227,-0.54387580646051,6.48768401848461
-1.62003331380344,-0.815280849835943,-0.933779160685871,-1.61597812032884,-1.84429756945836,-0.122835936946581,-0.899485302343339,-2.06083873915431,-1.61324189815919,0.0508715904362998,-1.14971203941565,-2.06945729623078,-0.103138996757864,0.147495082774538,-0.687621035380554,-0.997968940108491,4.31748811353631
1.45517260326917,1.90393462019369,0.234121718694432,-0.125393184869828,1.35356572514222,-0.0415229964419223,1.18662258580744,1.62257967006238,1.7140846672851,0.874677289714867,0.112537199117278,1.94019549071864,-0.482709109455256,0.14035055624913,-0.708299199687268,-0.0897826728125285,7.78862606562503
-0.995488182742337,-0.178154348215461,-0.510611926168755,-0.318563766447688,-0.636580565413724,0.544941521888318,1.39523337462252,-0.428864576294761,-0.522698493975693,-1.06739128425798,0.345636259325299,-1.08607416647024,0.072030782580439,-0.727709416587959,0.325609015648436,0.818403594483434,5.52146091786225
-0.601753208812511,-0.662394285021317,0.748069240226821,-0.405816778550806,1.67692313985568,-0.549643961333189,-0.899485302343339,-0.957358323670824,-0.973385113922249,0.681157048513687,-0.635895446304523,0.962645164528835,-0.238671565712601,0.740490784383414,-0.549766606669127,0.667039216600774,5.04342511691925
1.2718821843708,0.0973820954533948,-0.0710890677213569,0.666663127900843,0.161599409991481,-1.40720239928065,-0.690874513528261,1.2928263945386,0.211725718829877,0.393688527811271,0.892611343170419,-0.190001656181581,-1.50137215058571,-0.00253997425903285,2.21421468899499,2.4834117511927,6.46146817635372
0.00242632014877435,-1.08454641302722,-0.0621477487139882,0.797087223846248,-0.115386417440841,-1.39359604006876,-0.273652935898106,-0.837856988353487,-0.958770778763418,0.304063184706703,0.960496069127733,-0.566030301469182,-1.45716341348661,-0.24545387612291,-0.784119135478553,-0.54387580646051,5.7037824746562
-0.601753208812511,-0.959174087308531,-0.717303623934732,-1.78975660304047,-0.21451813287564,-1.24233239435408,-0.690874513528261,-1.70106344240106,-0.960014972162075,-0.74172818293192,-1.86286002239282,-0.48828238713258,-0.988166672032296,-0.227592559809389,-0.715191921122839,-0.846604562225831,4.70048036579242
0.172139670980596,-1.57072034656703,-0.0192020409207055,-0.500740385124528,-0.721164457374362,0.747464914797612,1.18662258580744,0.720745533976881,-0.542622586013935,-0.594570193921413,-1.09174192778411,-0.446419938916463,0.595241662000047,1.41207627777178,-0.501517556620127,-0.69524018434317,6.71538338633468
0.335064487779145,-1.23302388279651,-1.25104870690748,-0.4541571257642,-0.798343368800771,0.790878907574049,-0.899485302343339,-0.14881737407693,-1.38295148176558,-1.27838427948332,-0.760039976401955,-1.29962042448824,0.0210277080282005,-0.1490027680299,2.24178557473727,1.12113235024876,5.27299955856375
-1.49105116717126,-0.220988093576021,-0.065252519297628,-0.738766524087682,0.684720959925736,-0.102073536615586,0.769401008177283,-0.252138644651107,0.198521675796227,-0.0207113733888405,-0.381039382020304,-0.0993045270674768,-0.116979450711086,-0.863455420570714,-0.804797299785267,-1.30069769587381,6.10924758276437
1.2718821843708,1.52102124855704,0.31942908135723,-0.495626353390405,0.205431088128048,-0.914936507793725,-0.482263724713183,0.017467462726343,0.452327959918057,0.109300419883316,-0.340678613349119,-0.0797018572470319,-1.39677690514244,0.0438994481561201,-0.735870085429554,-0.54387580646051,6.44571981938558
-1.51141676927108,1.80475862018031,0.279514242915496,0.789955011006321,0.0344633269986734,0.473017598774384,-1.31670687997349,-1.17856292308802,2.42787553440509,0.744396392133492,1.05699637444168,0.279103813850656,0.784749089640365,-0.724137153325255,-0.81858274265641,-0.846604562225831,4.46590811865458
0.253602079379871,0.157283264152894,2.03027049636818,1.9855072989194,1.79440396424893,1.26454002991199,0.14356864173205,0.0371089056056286,0.532216582233165,1.19023376465312,0.946439631960998,1.11814129100961,0.543602214353269,-0.35976630052944,-0.804797299785267,-0.997968940108491,7.17011954344963
0.586240247010241,1.35853484483924,0.839655044236919,-0.410824342723681,-0.19102196799699,-0.742057414950102,1.39523337462252,0.778498458947873,1.57519176106817,-0.277883548941678,0.413143450579649,-0.0810359789436321,0.0793520895991633,-0.695559047223622,-0.784119135478553,-0.846604562225831,6.90775527898214
1.00034082303989,1.4901120970848,-0.271840911145149,0.442687150741836,0.644861560045292,1.66223773596178,1.18662258580744,1.01412033426494,1.65684449786386,-0.60742655466675,0.31472640018065,0.918698151081495,1.65224144804901,3.24464733153897,0.208432751243722,-0.54387580646051,7.49554194388426
0.993552289006613,0.147904508496198,1.40915222553607,0.71407214786588,1.02874939145329,0.655913786237508,-0.273652935898106,1.02077016307147,1.12125460210627,0.584496912537847,-0.0552833863624586,1.55301749208456,0.537728873241,3.31252033353034,-0.101739713356989,0.212946082952792,7.1777824161952
-0.818986297877243,-0.0324800285766049,-0.817627296171941,-0.415967246468795,-0.602744517937715,-0.589078520731708,0.560790219362205,0.430128456811528,0.34505278705462,-0.104041687637039,-0.322090651394295,-0.0518073813241023,-0.689613910633003,-0.520518147351123,-0.784119135478553,-0.241147050695189,6.60394382460047
1.06143762933934,0.778224338581201,1.04572310325964,0.472062095855318,1.18350367740403,0.383561288708841,-0.690874513528261,0.852324131906076,-0.00328379967994265,0.620552677544708,-0.0700827525455895,0.843018661527125,-0.258425683853991,0.147495082774538,-0.756548249736268,-0.0897826728125285,6.4377516497364
-0.513502266379964,0.464705431591813,0.477779428392144,0.544794991629512,0.138748138767843,-0.0345859970781583,-1.10809609115842,-1.25484037116292,0.507885854770798,0.879498626230348,0.513109853308328,0.327993354947206,0.0359602187483136,-0.520518147351123,-0.4119121779577,-0.0897826728125285,4.8283137373023
1.23793951420444,0.274369721174218,-0.45161101844469,-0.479040594286237,0.234976331923175,-0.28105316771777,0.352179430547127,0.0528940997211279,0.95747679264368,-0.245314802861154,-1.10723778454716,1.13444611219627,0.0128244634412412,-0.391916669893777,-0.728977363993982,-0.69524018434317,6.94985645500077
0.674491189442788,0.244662340657034,-1.05961239438997,-0.450001168311465,-0.785269406374218,1.52673819817497,0.560790219362205,0.0517923143600461,0.866854949817145,-1.47579851759019,-1.00608775491188,-0.911459565605873,0.766805483419398,-0.806299208367449,0.959739387721001,-0.0897826728125285,6.58617165485467
-0.404885721847598,-0.480932991180976,2.39235390757089,2.93599590034699,1.56217442765763,3.72819933303354,-0.0650421470830281,-1.56648823044035,-1.17452429375013,2.44645359776396,2.48640174184973,1.6430835682102,3.28677454117891,-1.03849632044321,-0.81858274265641,-1.30069769587381,5.7037824746562
1.87606171333209,2.03844739608757,0.997236501136644,0.289740621694894,0.399837472333767,-1.26157373971577,-0.899485302343339,2.34291259636966,1.75480340779474,-0.243888773042678,-0.685654876627575,-0.425566015236932,-1.43712955421096,0.494004619256833,-0.763440971171839,-0.392511428577849,5.89989735358249
-0.846140434010334,-1.0325712427129,-1.6331616640357,-0.178911526967425,-0.843230028580161,0.133113454726827,-1.31670687997349,-0.431043931954044,-1.40683648388921,-2.22785275799733,-0.211738911069766,-0.76720961044674,0.365759971641993,-0.656264151333878,0.594425151635718,1.12113235024876,4.31748811353631
0.545509042810604,-0.0040418448235777,0.751096870111453,0.157041320408131,0.221641564133101,0.882325583972849,-0.0650421470830281,0.716386822658316,0.757127545635702,0.657868032595477,0.189602537480272,1.06009377011865,0.900370114095624,3.3589597559455,-0.267165027810701,-0.241147050695189,7.07580886397839
0.185716739047142,1.0014547380104,-0.562181496493037,0.981120778778836,-0.552623039087675,0.788767950368682,-1.10809609115842,-0.0153318399458622,0.739777053294149,-0.625624700504935,1.5486523875239,-0.681913810261429,1.09516601413917,-0.0275458170979613,-0.763440971171839,-0.846604562225831,5.31320597904179
-0.818986297877243,-0.472930618543496,-0.00209292830817902,-0.302088663541261,0.129538783227277,-0.160737616920205,0.97801179699236,0.287871016151848,0.422599178298008,-0.0104605348838603,-0.567631689008372,-0.314904411199541,-0.799297997542619,-0.481223251461378,-0.804797299785267,-0.997968940108491,5.41610040220442
0.593028781043514,0.767911089341842,-0.340514776479751,0.408356332535368,-0.777612577126301,-0.646830390043972,1.60384416343759,-0.377141201981117,1.10269472856101,-0.00212199906215691,-0.0673036088959923,-0.550430269344081,-0.479722761965296,-0.18472540065694,-0.763440971171839,-0.997968940108491,6.26339826259162
-1.38922315667216,-0.0380133274455358,0.976343404995707,-0.0302494655852102,0.387585851037303,0.0846436043587468,-0.273652935898106,-1.53579563823878,-1.07511445340184,0.644488857675313,1.12447668548027,0.920020970884257,0.382126527303988,-0.199014453707757,-0.66694287107384,-0.54387580646051,5.57972982598622
1.25830511630426,-0.29775990428247,0.424020317379551,0.895645789197982,0.525052578105228,0.160554422645028,-0.0650421470830281,1.31788898462035,-0.0831320828927374,0.239555772153734,0.640797497713061,0.442957051105602,0.100502687793014,0.286813350019997,-0.777226414042982,-0.392511428577849,6.66949808985788
-0.520290800413237,-0.175929532648391,2.24873204721795,1.21568019171335,1.65428921955974,0.343578126099455,0.560790219362205,0.700150622996659,0.000776619029779609,1.22278696963074,0.154899386464922,1.41391198152601,-0.511711171774996,0.686906835442853,-0.487732113748985,-0.392511428577849,6.68461172766793
0.409738362145146,0.415564537079369,1.84867795393437,0.192743626488112,1.99062732395749,0.243232166502023,1.18662258580744,0.860978688514574,0.145736350393769,0.620552677544708,-0.306065327594726,0.805172570993647,-0.530296778094236,-1.03849632044321,-0.81858274265641,-1.30069769587381,6.37672694789863
-0.445616926047235,0.301115684534412,1.43956915689477,-0.443917810300939,1.34116433404539,-0.96748856179122,-0.899485302343339,-0.825144080341005,0.356571509259945,1.43438280198529,-0.320124791173375,1.42637389180748,-0.656696138727688,-1.03849632044321,-0.81858274265641,-1.30069769587381,4.97673374242057
1.22436244613789,0.196607071941277,0.342833422483515,0.969668603329561,-0.0192062623218619,0.141594781283736,0.560790219362205,1.02890642419946,0.75040816301457,-0.197954631519097,0.587013048540505,-0.218159171373222,0.811705843686611,-0.0525516599368898,2.08325298171913,0.364310460835453,6.04025471127741
-1.27381807810652,-0.390346132924704,-1.09891114064347,-0.0302494655852102,-0.259062945458081,1.23018048462326,-1.31670687997349,-0.911591854825886,-0.538855506716569,-1.31636301862388,-0.017065242922506,-0.070813930545315,1.71807989857142,0.0939111338339771,-0.570444770975841,-1.14933331799115,4.31748811353631
1.50269234150208,0.743946271417028,-1.26388770226699,0.208938655521371,-0.770437393904499,0.0476073986937103,-0.482263724713183,0.0281463054568282,0.752435307149369,-1.38905851931011,-0.592906681475745,-0.677081930144616,0.0773846313487113,0.0438994481561201,2.2831419033507,0.818403594483434,6.35437004079735
0.579451712976968,0.16725395572842,0.608723967867901,0.804981657905708,-0.34367496558282,-0.788094989741879,-0.0650421470830281,-0.32425550464919,0.205514587013298,0.458096093768546,0.561636808837654,0.314873801182165,-0.618324657759018,0.0689052909950486,-0.756548249736268,0.0615817050701319,6.65929391968364
-1.32133781633944,0.168778494590084,1.67970282551613,-1.0496464579204,1.20475140545219,-0.269769846981315,-1.10809609115842,-1.73538829403476,0.241069429293628,1.46737591513829,-1.0911268602867,1.64480986364893,-0.218906399406702,-0.320471404639695,-0.777226414042982,-0.846604562225831,4.49980967033027
0.022791922248593,-1.06028825418116,-0.499027874819759,0.0209030716645842,-1.34784727492777,-0.686744456539343,-1.10809609115842,1.13645762598506,-1.07128104352848,0.083896580993309,0.307955142158136,-1.44605725576758,-0.750485345844305,-0.424067039258113,1.36640995241971,2.4834117511927,5.01063529409626
0.586240247010241,1.23134350100186,0.0153828081460444,-0.673112433724518,0.866305451542259,-0.0493689819292138,1.18662258580744,-0.564236091284823,1.31920095848419,0.394304587959902,-0.70231655480086,0.814582505987869,-0.20197811579412,-1.03849632044321,-0.81858274265641,-1.30069769587381,6.5510803350434
0.260390613413143,1.05494464631337,0.716573669617014,0.151322517782381,1.25550719624596,-0.663698994925115,-0.273652935898106,-0.759036958676095,0.769832097775115,0.410079369499729,0.327282149981189,0.782151571652951,0.022630632907761,-0.206158980233165,-0.77033369260741,-0.241147050695189,6.30991827822652
-0.785043627710878,-1.14775292001187,-0.0304100938590042,-0.396186847449124,-0.0192062623218619,-0.200894576652533,0.352179430547127,-0.173395662901063,-0.624882750990518,-0.299701386245798,-0.623956219840037,-0.0797018572470319,-0.841189665549836,-0.113280135402859,-0.611801099589269,0.212946082952792,6.47697236288968
-1.32133781633944,-0.129421306751136,-0.804945541647744,-0.382633611083794,-1.52204036072798,-1.08177303401537,-1.31670687997349,-0.964986068478313,-0.18621002129569,0.213637615324416,-0.478513937790084,-1.57643114387128,-1.13179228625285,-0.674125467647398,-0.777226414042982,-0.846604562225831,4.21950770517611
-0.683215617211785,-0.878857441144995,-1.06188387664599,-2.37534113809339,-0.692467348154713,0.406708055653846,-0.899485302343339,-1.68453666198483,-1.76315627836048,-1.27838427948332,-2.9679082127336,-0.413273718921297,1.06169251520342,0.633322886502292,-0.494624835184556,-0.392511428577849,4.60517018598809
-0.499925198313418,-0.909710786927329,1.688905226876,1.02003834469953,0.903151710101961,-0.490170712033416,-0.273652935898106,-0.108136068436985,0.203853094172808,1.33265403643022,-0.282666526596286,0.967933394362747,-0.352095735841474,-0.506229094300307,-0.763440971171839,-0.392511428577849,6.50727771238501
0.681279723476061,-0.761320885783722,1.5723414763177,0.841901294523785,0.391976623054513,0.123803126326008,-0.899485302343339,0.199516305465094,-1.01435812899375,1.45631235623668,0.969080906147781,1.10811741251581,0.292310063305232,-0.670553204384694,1.13205742361028,1.57522548389674,5.16478597392351
-0.988699648709064,-0.933867282462335,0.155956367789449,-0.347395196533936,0.0560975800581138,-0.78232999826527,-0.899485302343339,-0.937017670850852,0.154275274972743,0.354701503560784,-0.383509794729112,-0.0147917324590349,-1.16137644542248,0.240373927604844,-0.598015656718126,-0.0897826728125285,4.91998092582813
-2.60437074862801,-6.6227219809562,-1.6331616640357,-4.78743542981609,-3.25727148466081,-2.47377849750232,-1.10809609115842,-2.4028159646901,-1.82287826722116,1.027467739765,2.0594538839816,1.62737466248842,0.0679295506423227,-0.759859785952296,0.697815973169289,-0.392511428577849,7.66246781520024
-0.201229700849412,-0.348685866560857,-0.861783902988094,-1.14363341466052,-1.45642237704985,1.54529610050657,-0.0650421470830281,-0.414698764509423,0.0389547355104971,-0.739238862035663,-1.90153635808981,-0.522385640602539,1.52573108500913,1.66213470616106,-0.377448570779843,0.969767972366095,6.77422388635761
-1.30776074827289,-1.83029078975663,1.10139077797194,0.965440619951486,1.039687104225,2.00735757393612,-0.899485302343339,-1.29297909520036,-1.25770198388259,0.672341867281836,0.0903409188139126,-0.234452746256613,1.83309887839972,0.615461570188771,-0.598015656718126,-0.0897826728125285,4.78749174278205
-0.710369753344877,-0.364291049947984,-0.475321064844509,0.0331796806045353,-1.26461596322146,-0.365596310047446,-0.899485302343339,-1.08448740379565,0.550350007366635,0.534237361316161,-0.717890448252641,-1.88799476543036,-0.580540787058774,-0.28117650874995,-0.811690021220838,-0.997968940108491,4.9416424226093
1.17005417387171,0.853965017289919,-0.831785878947354,0.283098112897063,-1.0535882083468,-0.074623247716434,-0.690874513528261,-0.991683175304527,0.818897027870523,0.380325713101403,0.842184050968847,-0.526852615498407,0.0244792616009761,0.12248923993561,-0.735870085429554,-0.0897826728125285,5.34710753071747
-0.153709962616502,0.816052079128638,-0.270191824830321,0.48871627596725,-0.197682298198812,-0.437529035603649,-0.0650421470830281,0.726193923125088,0.582141080414504,-0.397552076524536,0.490860298910152,-1.09464016991645,-1.18244350669518,-0.224020296546685,-0.77033369260741,-0.54387580646051,6.68461172766793
-0.785043627710878,0.0424577454108168,-0.230754040131091,-0.531005882872672,0.0707399938542197,-1.21106520814133,-0.690874513528261,0.575818382634579,-0.615709423768669,-0.708703192374911,-0.200287518825809,-1.39092591330427,-0.793538935146821,-0.313326878114287,-0.797904578349696,-0.846604562225831,5.48063892334199
-0.235172371015776,-0.327008979997555,-0.225867602417138,-0.388317226333772,-0.308789330986321,0.745627092283106,-0.482263724713183,-0.640044139679258,-0.254288300334471,1.24816743452855,0.735110416048949,0.699943924000613,0.882003936884517,-0.506229094300307,-0.811690021220838,-0.392511428577849,5.85793315448346
0.973186686906795,-0.376103957769239,-1.4221961922757,-0.75945315353301,-1.03147162433276,-1.94191534966179,-1.10809609115842,1.39961482184345,-0.072253016097753,-1.80059194266603,-0.315900098823834,-1.26497403777589,-2.15669244399835,-0.106135608877451,2.34517639627084,2.02931861754472,5.16478597392351
1.14290003773862,0.0999631558190325,0.182542911968669,1.78499254708184,-1.03817783578517,0.281232315648937,-1.10809609115842,1.17078247761877,-0.345070476603608,2.2795140850582,2.15952709491673,-0.771623445658402,0.238602634164817,0.12248923993561,-0.728977363993982,-0.846604562225831,5.29831736654804
0.74916506380879,0.549360342216232,-1.6331616640357,-0.360609601990133,-0.535784760827298,1.252454026433,0.352179430547127,1.45724667150004,-0.678827264065519,-1.83181777765459,-0.0330521309825036,-1.20789588220486,0.481983331030109,-0.220448033283981,2.30382006765742,0.969767972366095,7.57044325205737
-0.303057711348505,-1.23666458025489,0.777662424809471,0.56439877994365,0.206285744804806,1.7807563069853,-0.0650421470830281,-0.932295733589072,-0.940832893360806,1.21279539186533,-0.138532935582635,0.533140036299018,0.655248789035915,1.39778722472096,-0.177559649148274,0.667039216600774,6.5510803350434
0.830627472208064,1.47581203449918,-0.316833378263205,0.349158003954676,-0.794864471475299,1.0752620481085,-0.690874513528261,0.408007996869809,1.65355559232494,0.364707877945123,0.248022305192912,-0.330656694576019,0.4942147036866,-0.145430504767196,-0.742762806865125,-1.14933331799115,6.62007320653036
-0.615330276879057,0.0825577852565998,0.0259166386392185,0.141697015049641,0.135972582199174,-0.150063306857171,1.39523337462252,0.647192280476089,-0.0253773139261682,-0.56827760227536,-0.182594635410649,0.101647317188824,-0.130861567680423,-0.831305051206377,0.153290979759152,2.18068299542738,6.10924758276437
0.925666948673885,-0.390346132924704,1.5723414763177,0.991664556360683,0.964206138536635,-0.00447250941860098,-1.31670687997349,1.55979746280073,-0.538855506716569,1.65633647228727,1.32113597219347,1.38746629451979,0.19616209301718,-0.477650988198674,-0.777226414042982,0.818403594483434,5.14749447681345
0.226447943246779,0.590147779093981,-0.444851575392109,0.00842684306707309,0.00302301838069408,-0.254639352812978,0.352179430547127,0.948730351000736,1.17315415893229,0.0800860051598078,0.754509195752585,-0.735226100983549,-0.219474665845552,-0.74557073290148,0.353179901390721,0.969767972366095,7.13886699994552
-1.13125886340779,-1.34361037128395,-1.6331616640357,-2.04290506583674,-0.524726993235538,0.5950943070206,3.48134126277329,1.90717767424182,1.68711896819732,-0.840501556515669,0.0912494295804799,-0.757537534828537,0.482562207930028,0.829797365951016,-0.522195720926841,-0.392511428577849,6.62007320653036
-1.13804739744107,-0.786471716486028,-0.166236498111267,2.1784440178077,-1.17173795162895,-0.316464945509302,-0.482263724713183,-0.641569688640756,-0.0446548611062902,-0.0402773835010456,0.039739231673655,-0.574104522517571,-0.35131886198584,-0.424067039258113,-0.811690021220838,-0.69524018434317,5.24702407216049
0.470835168444602,1.96491218173836,-0.901249741925414,-1.01875563997085,-0.628482805214392,-0.987354058778852,-0.273652935898106,-0.0598270179895512,1.05709465481396,-0.916682001954171,-0.743480061168111,0.313296144095834,-0.141916753643438,1.98363839980443,-0.239594142068416,0.0615817050701319,6.36302810354046
-0.642484413012148,-0.919795537490486,-1.6331616640357,-0.426681629271117,-0.658435966408192,-0.433822270806503,-0.482263724713183,-2.01914040087337,-1.31217090937075,-2.22785275799733,-0.017065242922506,-0.853506706710202,-0.652735049680251,-0.620541518706837,1.03555932351229,0.515674838718113,4.86753445045558
-0.900448706276517,0.673297346674767,-0.568603425541955,-0.462720916878927,-0.485200888414921,0.478454491940946,0.97801179699236,0.576454028035203,0.526209227001794,-0.970625531275329,-0.466620930190404,-0.92187300069387,-0.406232736382113,-0.817015998155561,-0.198237813454988,-0.846604562225831,6.10924758276437
-0.31663477941505,0.198849062792559,-0.50180761449921,0.167966616257744,0.00800436979863335,0.17473609934225,-0.482263724713183,-0.432569480915541,-0.67481085782882,0.323843778009079,0.200244898265133,0.608338434659985,0.0679295506423227,-0.441928355571634,-0.804797299785267,-0.69524018434317,5.7037824746562
-1.27381807810652,-0.101810214034357,-0.564660617251237,-1.0496464579204,-1.09856133643485,-0.79016077835433,0.97801179699236,-0.781920193098564,-1.05099505697219,-0.616254945782757,-1.26297671906497,-0.287414502559109,-0.731358629681108,0.358258615274078,-0.51530299949127,-0.69524018434317,5.52146091786225
-1.00227671677561,0.340010411766487,1.29686855019358,0.921187727260966,0.385551890470507,1.69317535738896,1.81245495225267,0.805604194960202,-0.0585021917780144,0.923574532389606,0.269933335592695,1.29036590937941,1.34417716765174,-0.892033526672346,-0.00524161325898965,-0.0897826728125285,6.95654544315157
0.423315430211692,-0.958749509622856,2.45282302559932,1.81976729828236,1.52339133286966,1.27209028192394,-0.899485302343339,-0.9014215284159,-1.89535071750731,2.37140739480449,2.70288234583921,1.51762916315907,1.82757649473232,-0.0168290273098491,-0.763440971171839,-0.0897826728125285,5.37063802812766
-0.520290800413237,-1.70066980127995,0.660684619886912,1.08908840835147,-0.959928574622169,0.862564872552414,2.22967652988283,-0.885742275200505,-1.05344006502869,0.110838020658237,-0.43502276686806,-0.673425521124431,0.6788846125256,1.31562516967877,-0.453268506571128,-0.241147050695189,5.99146454710798
-0.425251323947416,1.87140316676415,-0.11031266480623,-0.895192368172643,0.46507915216285,0.796685951657882,0.352179430547127,-0.583598828103835,0.820743368220125,-0.458656835300413,-1.53185123215346,0.620845211708669,0.665184147519328,-0.141858241504492,-0.756548249736268,-0.69524018434317,6.32793678372919
1.38728726293644,0.019678593919473,1.02403172862567,2.94299176205909,-0.104418505014992,1.07511043154384,0.14356864173205,1.32238390566762,1.16036930781117,0.586399135152117,2.83946614484913,-0.481809289250285,2.34970586530341,0.483287829468721,-0.791011856914124,-0.392511428577849,7.4205789054108
0.104254330647867,-0.669241233522772,0.845556754757855,1.33567521721376,0.328557305709767,2.84950731234794,2.64689810751298,1.0746728930444,0.0269338675175281,1.53568233224266,1.24373760544477,1.73195951902151,1.36156011036853,-1.03849632044321,-0.81858274265641,-1.30069769587381,6.19031540585315
-0.187652632782866,-1.38487419378079,1.5893920249366,0.0857794603716407,0.876428799176146,-0.217014320772035,-0.482263724713183,0.141036928607674,-1.35975954953408,2.15430945052888,1.02119432052955,1.57162930067623,-0.196863213933343,-1.03849632044321,-0.81858274265641,-1.30069769587381,6.05208916892442
0.55908611087715,1.11645255461377,-0.327215940188022,-1.44100116532264,0.793641386084212,-0.47837971925285,0.769401008177283,0.191657416875559,0.631621706930191,-0.691891678067219,-1.6111988013262,0.223880964109048,-0.708192667805546,-0.724137153325255,0.587532430200147,1.12113235024876,6.21460809842219
-1.07016205710834,1.44643130196263,-0.460416612686899,-0.405816778550806,0.849542943671515,-1.19258647707751,-0.273652935898106,-1.39976752250522,-0.261776911028736,-0.803650040226313,-0.81572644557793,-0.394374558397738,-0.226188302782559,-0.881316736884234,-0.81858274265641,-1.14933331799115,5.52146091786225
-1.34849195247253,-0.276339257655835,0.618508834554001,0.884593989074575,0.154543578876814,-0.463292557758769,0.97801179699236,0.704218753560653,-0.21482358452924,-0.794048673589654,-0.191285668535775,-0.968336247239257,-0.175841897985239,-0.484795514724082,-0.797904578349696,-0.997968940108491,5.99146454710798
-0.377731585714506,-0.121709242923346,0.190659088234334,0.498326752662666,0.0924511591381021,0.521899926912725,0.560790219362205,-0.81395672129002,0.234251903629201,-0.433252996410406,-0.260565857152303,0.0396618440808294,0.665895783161224,-0.824160524680969,0.394536230004149,-0.392511428577849,6.10924758276437
0.810261870108246,-0.137118624758989,-0.750575713345666,-1.12264031663082,-1.07792357211146,-0.063275728672463,0.352179430547127,0.29528687915913,0.12389543356288,-0.663235687770015,-0.998481545358747,-1.04103110790338,-0.221206858192899,0.272524296969181,2.45545993923999,1.57522548389674,6.62007320653036
-0.62211881091233,-1.38912431369898,-1.26329591707185,-0.31008393406938,-1.43067059000807,-0.608848100907624,-1.31670687997349,-0.179328353306888,-1.88872558827268,-1.19206896325477,-0.383509794729112,-1.46750766043422,-0.548832636974403,-0.731281679850663,0.215325472679294,0.969767972366095,4.24849524204936
0.626971451209878,-0.704477980103711,-0.702531720062136,-0.230131228788188,-1.53378515664169,-1.4473147913121,-0.0650421470830281,1.09995341869208,-0.00582163889542521,-0.762958534004284,-1.09063975751238,-1.07006175786661,-1.37923584983765,-0.484795514724082,1.73861690994056,3.08886926272334,6.77422388635761
-1.88478614110108,-1.50327039150176,-0.259374603884247,-1.96836226582742,-1.20135705777894,-1.51171122941776,-0.690874513528261,-2.10342698099613,-2.43319201447355,0.401444567118397,-2.17834025255739,-1.96529808543135,-1.09709175924914,-0.35976630052944,-0.804797299785267,0.0615817050701319,5.24702407216049
-0.873294570143426,-0.475333076306951,-0.584087909010955,1.08908840835147,0.699055477906051,2.90400260976894,-0.273652935898106,-1.33747427324405,-0.637462041290178,-0.474987874586846,0.454077752257416,-0.303045004317185,2.50113835514217,-0.391916669893777,-0.797904578349696,-0.997968940108491,5.25227342804663
1.51626940956862,0.665778163492117,-0.344825473654433,-1.15273154703295,-0.117329450877588,-0.695104849713439,-0.273652935898106,1.4402961274834,1.00735931397497,0.215996543221345,0.576883686945852,-0.258500047043043,-0.548832636974403,0.0653330277323445,2.5726362036447,-0.54387580646051,6.60665018619822
-0.0654590201839543,-1.37898443369112,-1.48671735813123,-0.583410624216708,-1.41634100292496,-0.258581985811157,-0.690874513528261,-0.482531209404598,-0.741893816504347,-1.74643212100431,-1.86026761399469,-1.63165348435426,-0.762040101614261,-0.313326878114287,1.72483146706942,1.12113235024876,5.52146091786225
-1.32812635037271,0.358737502656006,0.586032817747419,0.553966354583494,-0.143747232411822,-0.375731801333286,-0.899485302343339,-0.898878946813404,-0.103506901547018,1.35902816083339,0.93569059177467,-1.09129919148704,-0.0102068256254234,-0.888461263409642,-0.170666927712702,0.667039216600774,4.9416424226093
-0.146921428583229,0.0583196676534789,0.783552745445393,-0.0773503167162091,0.472437148399759,-1.0775217084288,-1.31670687997349,0.354613783217382,0.0675259225897862,1.08665538517886,-0.0787440288701527,0.801219978807343,-1.1265518112865,-0.324043667902399,-0.77033369260741,-0.392511428577849,4.58496747867057
0.375795691978782,-0.509155040703082,0.880958446045394,0.180245488584298,-0.0403700873044694,1.11793930334673,0.97801179699236,0.840246869294218,-0.286852834797045,0.447922045087615,0.242310046121031,0.16604138634201,1.25954873678378,-1.03849632044321,-0.81858274265641,-1.30069769587381,6.60665018619822
0.98676375497334,0.276597548444786,-0.897472418708694,-0.126031733321402,-1.03958018484397,-0.619038977391748,-1.31670687997349,1.62844716606814,0.362533148836198,-0.530930370865905,-0.142492572735505,-1.00128202657689,-0.561394609002364,-0.127569188453675,2.2831419033507,1.27249672813142,4.9416424226093
-0.785043627710878,-1.36415485917963,-1.03212982521944,-1.01189101375984,-0.289045030850108,-1.12688432218393,0.560790219362205,-0.513423575874931,-0.593816659925342,-0.556201691578838,-0.362632893726637,-0.662838472501605,-0.574546740790028,-0.556240779978164,0.952846666285429,-0.241147050695189,5.8348107370626
0.803473336074973,1.54980918375177,-0.638350344615683,-0.00106427562060372,-0.974497534812664,0.405788360074933,1.18662258580744,1.56977220601053,1.01572984427775,-0.119963850437806,0.189661029741053,-0.0158166114831696,-0.575620323808506,0.21894034802862,-0.756548249736268,-1.14933331799115,6.90775527898214
0.735587995742244,-1.05983963222496,1.63494895952772,-0.396186847449124,1.19506819605524,-0.43765331840772,-0.273652935898106,-0.334425831059176,-1.15254501350859,1.90027106162881,-0.077546382541072,1.22538069415401,-0.200722446405275,3.37682107225902,-0.143096041970417,1.42386110601408,4.60517018598809
-1.24666394197343,1.16774782908317,-0.321819470254768,-1.90429242119132,0.0396676508115732,-1.04117287466367,-0.899485302343339,-1.82183606851964,0.550350007366635,-0.390171831841178,-2.04167139165401,-0.343933350655547,-1.30190120147821,-0.0346903436233695,-0.673835592509411,-0.846604562225831,4.49980967033027
0.803473336074973,0.176776190411495,0.135391792710999,0.173629932881828,0.563893605302394,0.312899106604699,-0.690874513528261,-1.16712130587679,-0.394622813070847,0.136861188490399,0.0166080402164791,0.839093392265922,0.673017036824709,3.67689118632616,0.325609015648436,1.27249672813142,5.29831736654804
0.389372760045328,-0.610034001754448,0.619729914000091,-0.200148964307742,-0.222902339215202,-0.633120513878487,-1.10809609115842,0.03424850130282,-1.15820766178349,1.41810619949648,-0.328543111958122,-0.239012341740829,-0.6942005162215,-0.641975098283061,0.739172301782717,0.364310460835453,4.90527477843843
1.20399684403807,-0.403754858931656,0.0551067713311468,-0.456755793412806,-0.225416956343448,-1.59748590151204,-1.10809609115842,0.610143234268282,-0.424823160476812,0.554310690671637,0.0422638749890396,-0.449138912839051,-1.40916899561141,0.104627923622089,2.38653272488427,3.54296239637132,5.04342511691925
0.857781608341156,1.16774782908317,-1.30656323086762,0.119347577315132,-0.813448675348397,-0.323830436522396,-0.273652935898106,-0.500964926022698,0.0139325501529181,-1.38671289783727,0.129168498408768,-0.802965303700784,0.161124398577446,-0.338332720953215,1.62144064553585,0.969767972366095,6.16331480403464
1.04107202723952,-0.236494844037032,0.54220671487558,-0.901283515373963,0.509813370053083,-1.47267582500355,2.22967652988283,1.15256064280087,1.35201057144812,0.149107590060844,-0.757473340436512,0.934798071742931,-1.21677989607276,3.10532906429351,-0.453268506571128,-0.241147050695189,7.27931883541462
0.240025011313325,-1.36637310229182,-1.6331616640357,-0.426681629271117,-1.13298268276191,1.11589390596583,-0.690874513528261,-1.20335309371236,-2.30109096339783,-2.02439522688719,-0.522164490007287,-1.2127533969341,1.31351946924687,-0.220448033283981,1.97986216018556,2.02931861754472,5.01063529409626
0.335064487779145,-1.09544384200112,-0.614193778360451,0.108309348906951,-1.3701871166752,0.30920814289065,-1.10809609115842,-0.625551424545028,-0.850363987075672,0.109300419883316,0.134875180997307,-1.26955106879642,0.571115484595362,-0.00611223752173692,1.98675488162113,-0.392511428577849,4.65396035015752
0.84420454027461,-0.980533239745869,-1.52388314788729,0.437670465322746,-1.04949974215698,-0.132019306323752,-0.690874513528261,0.713117789169391,-1.17697590890673,-1.29139069699721,0.276635973537875,-1.01760631580286,-0.148277028901006,-0.291893298538063,1.74550963137614,1.27249672813142,5.85793315448346
1.55700061376826,2.15724825993177,-1.08625117563418,-0.664540927482661,-0.965560237255047,-0.214060307631653,-0.273652935898106,1.34367802658853,0.894732901721716,-1.28664052712257,-0.245672853223875,-1.33145280429228,-0.180419049512022,0.272524296969181,2.15907291751042,1.12113235024876,4.49980967033027
1.07501469740589,1.18992710256371,0.112183462206539,0.16679374003382,0.10755073926436,-0.187413651855085,0.14356864173205,0.473797295834406,0.0668673962740585,-0.195657067142778,0.419966725522233,-0.324885535611333,0.656595401284939,0.215368084765915,2.22800013186613,1.27249672813142,6.27287700654617
-0.832563365943789,0.247307979640797,-1.01715750183256,0.470506951702252,-0.95259872854768,-0.748220123428935,0.14356864173205,-0.0248665209552242,-0.657692827666205,-0.404873279250427,-0.102401645398017,-0.159564220877034,-0.835106651891517,-0.659836414596582,0.173969144065866,-0.241147050695189,5.8348107370626
1.28545925243735,-0.193285345149678,0.604744406969874,-0.468411330711739,0.019017104552291,-0.306936940582006,-0.273652935898106,0.955934332207809,-0.618822493826476,1.71837560582654,0.455146103720409,0.643719077651497,0.621788686936112,0.0867666073085689,-0.749655528300696,-0.392511428577849,6.84587987526405
1.923581451565,1.48072740223759,-0.793291845602499,-0.722609864135245,-0.806334198465391,-1.52095379705874,-0.690874513528261,0.335544421198658,1.3616335171976,-0.980375924913227,-0.795759915511544,-0.857989143098865,-1.09552668050747,0.0117490787917834,2.24867829617284,0.667039216600774,5.85793315448346
-0.241960905049049,0.541123083493048,-1.16278892061428,-0.353553366066921,-1.28627526236754,1.08377894382778,0.14356864173205,-0.750455745767669,-0.122580336600426,-1.59487377232132,-1.01531074611981,-1.00783513214508,0.271576048590242,-0.291893298538063,0.877026730494144,-0.846604562225831,5.78996017089725
-0.9547569785427,0.113220356697613,-1.41377361640695,-1.25352585638744,-0.99185703253014,0.291707641934684,-0.690874513528261,-0.865825385980949,-0.633711242177269,-0.977333298491071,-1.54613841818825,-0.793385213235232,0.0465878615130788,-0.749142996164184,0.19464730837258,-0.69524018434317,5.52146091786225
1.61809742006772,2.06086087895684,-0.374926786513809,0.0373882495460348,-0.876637863252737,-0.510082316664291,-0.482263724713183,1.04721301173743,2.65012690930482,-0.890340640438462,-0.551027304126418,-0.640511341053978,-0.4078292834372,0.165356399088058,-0.687621035380554,-0.69524018434317,6.60665018619822
-0.941179910476154,-0.184560137942532,0.108696646194068,-1.14958733952189,-0.324684113485914,0.179348896898438,-0.0650421470830281,-1.10228547501313,-0.389228920264352,0.00893187850193841,-1.28502824961616,0.119846579617259,0.0134119165971915,-0.709848100274439,-0.784119135478553,-0.846604562225831,6.05208916892442
1.05464909530607,-0.320663934266034,-1.42672496805588,-1.54850030523336,-0.430481093781729,0.692266129274724,0.14356864173205,0.455681401916619,0.573314492167041,-1.70550906781197,-0.245149723680851,-0.236570751900894,0.545334196068264,0.21894034802862,2.03500393167013,0.0615817050701319,6.82979373751242
0.789896268008427,-0.989613041389271,0.253153645479951,-0.58525449474548,-1.06535041107752,-1.49469003929011,-0.690874513528261,-0.791454874107926,-0.754659979301915,0.905393221098912,-0.428710003762526,-0.979983497856988,-1.17128038364143,-0.788437892053928,0.173969144065866,0.364310460835453,5.22035582507832
-2.61115928266128,-1.62042031345724,1.40363078472015,-0.0302494655852102,0.832916164609441,-1.19777348930595,-1.31670687997349,-2.41425758190133,-2.20132708084357,1.57002115605872,-0.017065242922506,1.23095324662838,-1.27478238890605,1.433509857348,-0.336092242166415,-0.0897826728125285,6.82437367004309
-1.34849195247253,-1.64442176088226,-1.07024403938828,0.522911693046288,-1.10909162984083,-0.108500921333436,-0.0650421470830281,-1.62859986672991,-0.267616975106466,-0.846807698340586,-0.273074450349039,-0.0651219702601271,-0.363094907703835,-0.57052983302898,-0.777226414042982,-1.14933331799115,5.65948221575962
-1.4299543608718,-0.592171775671838,1.35642675701928,-0.536333078801262,0.635117798150776,0.541031262795843,-0.273652935898106,-1.11499838302561,-1.57692461168789,1.21482431517578,0.0316031741143089,0.133570828974304,-0.0591147732153479,0.0296103951053038,-0.728977363993982,-0.54387580646051,5.50125821054473
-1.29418368020634,0.743478111728914,-0.549611306733146,-2.13588915467101,-0.581687075592008,-2.13231236854836,2.02106574106775,-0.737051105995684,0.806759874754851,-0.301843379993346,-0.936537030992707,0.0887012014314989,-1.05207556810292,-0.402633459681889,-0.508410278055699,-0.69524018434317,5.45958551414416
0.722010927675698,0.801137485081317,-0.50180761449921,-1.16291279040209,-0.616026126831394,0.0457059010344375,-0.0650421470830281,0.570369993486372,0.971570152785071,-0.116681670477938,-1.58773318178663,0.0108255489834268,-1.03709619459324,1.85503692234708,-0.136203320534845,1.42386110601408,7.0475172213573
1.18363124193825,-0.740782491161769,-1.53333630672366,-0.926530879135956,-0.613038292716203,-1.04765525304755,-0.899485302343339,0.997886928649002,-0.320599171871687,-1.7324778996422,-1.04659993609345,-0.0911504289396833,-0.989211018775207,-0.563385306503572,1.73861690994056,1.7265898617794,5.07517381523383
0.253602079379871,-0.196026024284265,-0.978977349677867,1.61161117693695,-0.202770050436315,1.7043422096078,-0.482263724713183,-0.200686038767859,-0.252815766278161,-0.927909337749959,0.845971673800861,-0.668766898056093,0.844449320080268,-0.466934198410562,1.18030647365928,0.364310460835453,6.05208916892442
-1.57251357557053,-0.571519849437248,-0.626782771134055,-0.936380125438712,-1.1487638980215,-0.359467873456007,0.560790219362205,0.557511795096604,0.785642567432904,-0.438771657987456,0.0262708084215802,-0.901543660553466,0.121803273522741,-0.806299208367449,-0.81858274265641,-1.30069769587381,6.80239476332431
-1.87799760706781,-0.32900385095589,0.184131454904806,-0.624897711114071,1.84204382610919,-0.182997852866314,2.4382873186979,0.811475551160704,0.981050615603442,-0.182410279062099,-0.810672469607754,1.31303268794938,0.0674954744350909,-0.441928355571634,-0.694513756816125,-0.392511428577849,6.21460809842219
-0.846140434010334,-0.474114625505772,-0.80593504717031,0.0386952585340783,-0.37899128702619,0.306906251542103,-0.690874513528261,0.0323415651009476,-0.0662519858891996,0.158649093402755,0.0706750018762588,-0.281953061950015,0.626807107231804,-0.563385306503572,0.373858065697435,0.0615817050701319,5.62762111369064
0.518354906677512,-0.909710786927329,0.530552955702841,-0.539947961752805,0.574439028440279,-0.251403108226973,-0.0650421470830281,0.74362876839935,-0.354745875665663,0.859089093329017,-0.784650134190559,0.491485399999872,-0.491190965260485,-0.702703573749031,1.04245204494786,1.12113235024876,6.62007320653036
1.33297899067026,-0.961647252327592,-1.6331616640357,1.64674414770481,-2.00521959868975,-0.0493689819292138,-1.10809609115842,2.15476155778492,-0.538855506716569,-2.06272780521229,1.85785008525304,-1.92107810341014,-0.188011333627578,0.0331826583680079,-0.735870085429554,0.0615817050701319,5.07517381523383
1.40086433100299,1.32100297288722,0.164022063834563,0.685886055911912,0.904438571591216,0.467308455815875,-0.273652935898106,0.908896572561624,0.557270668013302,-0.0798748885721876,0.355219062697751,0.498125827206783,0.285424134398661,3.183918856073,-0.15688148484156,0.667039216600774,7.17011954344963
-0.296269177315232,-1.16939311392864,-0.831785878947354,-0.441364302000225,-0.0911632672627276,0.0179757268367056,-0.0650421470830281,-0.0877954156170131,-0.557425148050146,-0.410193258274007,-0.105115523921973,-0.14570227076808,0.393813756076172,-0.431211565783521,1.13895014504586,-0.846604562225831,6.26339826259162
-0.112978758416864,1.80386887817166,-1.48406849471694,0.353394563788248,-1.4499792675414,-0.218513831852919,-0.0650421470830281,-0.625006585630207,0.93816853407119,-1.68095891437326,0.450767129542055,-1.4702957814432,0.418623215529436,-0.374055353580256,1.18030647365928,1.27249672813142,6.30991827822652
1.1972083100048,2.94075130309213,-0.837312608499687,0.130621557359795,-0.0862007151978404,1.91523872896624,-0.482263724713183,1.67879028179757,3.75915415684718,-1.0955673674713,-0.20815596012227,-0.0655645416861894,1.63829351449857,-0.606252465656021,1.02177388064114,1.57522548389674,7.37775890822787
0.0295804562818658,0.755311192081085,-0.0775498459230246,0.579646170854647,-0.654121011800088,-0.453437234524732,-1.31670687997349,0.552935148212111,1.00952488095073,0.828972587462418,0.781595959732918,-0.541769481892753,-0.357262563547996,2.32657567302402,-0.322306799295272,0.364310460835453,4.78749174278205
1.28545925243735,0.857705522983796,0.507444143013109,-0.251513929037809,1.11111330095666,-0.143401728738964,-1.31670687997349,1.96406793759768,1.14791301003398,0.278744025279663,-0.306812097839357,1.56259686283102,0.024908426103673,3.32680938658116,0.139505536888009,0.969767972366095,5.10594547390058
0.633759985243151,-0.217921247793048,-0.820498896058786,0.0821250060107947,-0.755426322934139,-0.668886101602825,-0.482263724713183,1.56437410968523,1.4905940076851,-1.05551868806363,-0.388056253188251,-0.0919180708179595,-1.32191675126787,0.12248923993561,-0.756548249736268,-0.846604562225831,6.5510803350434
0.599817315076787,0.433036855128238,-1.0467891383613,0.529419471383129,-0.624698133165731,2.15822342249508,0.97801179699236,0.943857069595951,0.479462380610841,-1.2425950020227,1.14968838960005,-1.11782386083451,1.89725753302549,0.0796220807831608,1.80754412429628,1.7265898617794,6.77422388635761
0.484412236511148,0.0852825502145426,-1.268746570185,-0.18127124222746,-0.912230565745867,0.180311919546133,-0.273652935898106,-0.397990371121589,-0.340662817095155,-1.37026832579113,-0.00267827437582581,-1.95564532640224,-0.281085287291377,-0.906322579723163,-0.0397052204368464,-0.241147050695189,5.95324333428778
1.14968857177189,-0.349558332872142,-0.726893760480292,0.828686889067588,-0.544756115162215,0.826464822125993,0.14356864173205,0.490006253550322,0.218388685375881,0.403531311027219,0.58626411833668,0.410665855348785,0.254827183253451,3.65545760674994,0.084363765403438,0.515674838718113,6.86693328446188
1.54342354570172,0.214619034574392,-0.810195723089189,-0.477984615159882,-1.45093399137506,-1.28270567685626,0.769401008177283,0.844176313588985,1.43479316998405,-1.27040555277312,0.38056607925062,-1.39877945502452,-1.33150645774586,0.418987090740047,-0.791011856914124,-0.846604562225831,6.90775527898214
